FaceID,Batch,Shotcrete_Layer,Spray_Time,Air_Temp,Shotcrete_Temp,Shotcrete_Blend,15M_MPa,30M_MPa,60M_MPa,90M_MPa,120M_MPa,150M_Mpa,180M_Mpa,240M_Mpa,270M_Mpa,300M_Mpa
RUP_1100_792_DEC_22,,,18:00:00,,,,,0.55,0.65,,0.85,,,,,
RUP_1025_983_DEC_50,,,14:00:00,,,,,,0.75,,0.8,,,,,
RUP_1025_983_DEC_50,,,21:00:00,,,,,0.65,0.55,,,,,,,
RUP_1025_983_DEC_51,,,23:00:00,,,,,0.65,0.85,,,,,,,
RUP_1025_983_DEC_52,,,19:30:00,,,,,0.68,1.15,,,,,,,
RUP_1025_983_DEC_41,,,,,,,,1.02,1.03,,,,,,,
RUP_1025_983_DEC_42,,,,,,,,0.78,0.98,,,,,,,
RUP_1025_983_DEC_65,,,18:30:00,,,,,,0.8,,,,,,,
RUP_1075_662_DEC_22,,,14:35:00,,,,0.02,0.09,,,,,,,,
RUP_1025_983_DEC_73,,,22:10:00,,,,,,,,,,,,,
RUP_1075_662_DEC_22,,,10:30:00,,,,,0.19,0.22,0.22,0.2,,,,,
RUP_1075_662_DEC_22,,,08:20:00,,,,,0.67,0.75,0.84,,,,,,
RUP_1000_818_DEC_01,,,18:40:00,,,,0.18,0.26,0.32,0.41,0.48,0.52,,,,
RUP_1075_662_DEC_23,,,12:00:00,,,,,0.53,0.85,,,,,,,
RUP_1000_818_DEC_02,,,03:00:00,,,,0.59,1.03,,,,,,,,
RUP_1075_662_DEC_24,,,21:20:00,,,,,0.86,,,,,,,,
RUP_1000_818_DEC_03,,,09:20:00,-2.0,,,0.44,0.55,0.55,0.62,0.73,0.8,,,,
RUP_1000_818_DEC_04,,,10:00:00,,,,,0.58,0.77,0.78,0.89,,,,,
RUP_1075_662_DEC_25,,,04:00:00,,,,0.51,0.82,,,,,,,,
RUP_1075_662_DEC_26,,,03:00:00,,,,0.78,0.88,,,,,,,,
RUP_1000_818_DEC_06,,,02:20:00,,,,0.62,0.79,1.37,,,,,,,
RUP_1075_662_DEC_27,,,20:05:00,,,,0.39,0.69,0.93,1.19,,,,,,
RUP_1075_662_DEC_27,,,20:30:00,,,,0.53,0.67,1,,,,,,,
RUP_1000_818_DEC_07,,,21:45:00,,,,0.35,0.71,0.88,,,,,,,
RUP_1075_662_DEC_27,,,20:35:00,,,,0.58,0.82,0.99,,,,,,,
RUP_1075_662_DEC_27,,,14:00:00,,,,0.48,0.79,1,,,,,,,
RUP_1000_818_DEC_06,,,06:30:00,,,,,,,1.2,,,,,,
RUP_1000_818_DEC_09,,,08:45:00,,,,,,1.11,,,,,,,
RUP_1075_662_DEC_28,1 & 2,,02:30:00,1.0,,,,0.68,0.88,1.21,,,,,,
RUP_1000_818_DEC_10,,,08:25:00,,,,0.35,0.42,0.68,1.03,,,,,,
RUP_1075_662_DEC_29,2 & 3,,22:20:00,-9.0,,,,,,,0.86,1.15,,,,
RUP_1075_662_DEC_30,,,19:00:00,-3.0,,,,,0.7,0.96,1.03,,,,,
RUP_1000_818_DEC_11,,,02:50:00,-9.0,,,,0.33,0.61,0.86,1.03,,,,,
RUP_1000_818_DEC_12,1,,10:00:00,10.0,,,0.31,0.43,0.53,,0.7,,0.87,1.01,,
RUP_1075_662_DEC_28,,,21:20:00,1.0,,,,0.68,0.8,1.21,,,,,,
RUP_1075_662_DEC_29,1,,18:20:00,,,,0.4,0.53,0.82,1.08,,,,,,
RUP_1075_662_DEC_31,1,,02:00:00,2.0,,,,,0.88,0.92,1.04,,,,,
RUP_1075_662_DEC_31,2,,10:15:00,5.0,,,0.21,0.27,0.36,,0.55,,0.8,0.95,,
RUP_1000_818_DEC_13,1,1,17:20:00,4.0,,,,,,,,0.9,,,,
RUP_1000_818_DEC_14,1 & 2,1,01:00:00,,,,,,,,,,,,,
RUP_1075_662_DEC_32,2 & 3,2,05:00:00,,,,,0.38,,,,,1.06,,,
RUP_1075_662_DEC_33,1,1,23:45:00,-3.0,,,,,,,,,0.39,0.43,,
RUP_1075_662_DEC_33,2,1,10:30:00,-3.0,,,,0.52,0.78,0.9,1.01,,,,,
RUP_1075_662_DEC_33,3 & 4,2,04:40:00,-4.0,,,0.22,0.44,,,,,,,,
RUP_1000_818_DEC_15,1,1,07:30:00,-1.0,,,,0.92,1.07,,,,,,,
RUP_1000_449_SUB_01,1,1,11:00:00,-1.0,,,,0.92,1.06,,,,,,,
RUP_1075_662_DEC_34,1,1,01:10:00,-2.0,,,,0.37,0.88,1.01,,,,,,
RUP_1000_818_DEC_15,3 & 4,3,14:45:00,-1.0,,,,0.86,1.04,,,,,,,
RUP_1000_818_DEC_15,3 & 4, ,15:30:00,0.0,,,,0.72,1.05,,,,,,,
RUP_1075_662_DEC_35,1,1,04:30:00,2.0,,,,0.52,,0.84,,0.99,,,,
RUP_1075_662_DEC_35,2 & 3 & 4,2,21:30:00,1.0,,,,0.36,0.6,,0.83,,1.07,,,
RUP_1075_662_DEC_36,1 & 2 & 3 ,1,22:20:00,-1.0,,,,0.33,0.6,0.7,0.81,0.91,1.03,,,
RUP_1000_449_SUB_03,1,1,04:00:00,5.0,,,"0,32","0,53","1,05",,,,,,,
RUP_1000_818_DEC_16,1,1,07:50:00,4.0,,,,,,0.55,,,0.76,1.01,,
RUP_1000_818_DEC_16,2 & 3,2,11:30:00,6.0,,,0.43,,,0.54,,,0.73,0.81,,
RUP_1075_662_DEC_37,1,1,02:30:00,1.0,,,0.8,1.04,,,,,,,,
RUP_1075_662_DEC_37,2 & 3,2,17:00:00,4.0,,,0.41,0.51,,0.63,,0.79,0.95,1.1,,
RUP_1000_449_SUB_04,1,1,19:30:00,4.0,,,,,,,0.54,0.55,0.58,0.67,,
RUP_1000_449_SUB_04,2,2,19:30:00,2.0,,,,,,,,,,1.02,,
RUP_1000_818_DEC_16,1 & 2 & 3 ,2,11:30:00,6.0,,,0.43,,,0.54,,,0.73,0.81,,
RUP_1075_662_DEC_38,1,1,16:00:00,4.0,,,,,0.4,0.53,0.56,,0.75,1.03,,
RUP_1000_818_DEC_17,1 & 2,1,09:00:00,-1.0,,,,,,,0.33,0.52,0.71,1.13,,
RUP_1075_662_DEC_38,2 & 3,2,13:00:00,1.0,,,,0.53,1.11,,,,,,,
RUP_1000_818_DEC_17,3 & 4 $ 5,2,05:50:00,-1.0,,,,0.87,1.08,,,,,,,
RUP_1075_662_DEC_39,1,1,13:15:00,5.0,,,,0.76,1.13,,,,,,,
RUP_1075_662_DEC_39,2 & 3 & 4,2,05:00:00,1.0,,,,,1.03,,,,,,,
RUP_1000_818_DEC_18,1 & 2 & 3 ,1,10:00:00,1.0,,,,0.32,0.75,1.18,,,,,,
RUP_1000_818_DEC_18,4 & 5 & 6,2,03:30:00,3.0,,,,0.4,,0.85,1,,,,,
RUP_1000_818_DEC_19,1 & 2 ,1,15:00:00,5.0,,,0.58,,,,0.78,,1.1,,,
RUP_1075_662_DEC_41,1 & 2,1,21:00:00,5.0,,,,,,,,,0.8,1.09,,
RUP_1000_449_SUB_06,1,1,03:45:00,-1.0,,,,,,0.79,1,,,,,
RUP_1000_818_DEC_19,3 to 7,2,15:30:00,3.0,,,0.46,0.83,,,,,,,,
RUP_1075_662_DEC_42,1,1,06:40:00,3.0,,,0.42,0.58,,0.87,0.95,1.1,,,,
RUP_1075_662_DEC_42,2,2,20:55:00,3.0,,,,,,,0.58,1.11,,,,
RUP_1000_449_SUB_07,1,1,17:25:00,4.0,,,,,,,0.47,,0.75,0.99,,
RUP_1000_818_DEC_20,1,1,05:20:00,3.0,,,,,,0.9,1.06,,,,,
RUP_1075_662_DEC_43,1,1,11:40:00,7.0,,,,0.71,,1.01,,,,,,
RUP_1000_818_DEC_20,2,2,20:10:00,1.0,,,0.58,0.74,1.04,,,,,,,
RUP_1075_662_DEC_43,1 & 2 & 3 ,2,05:55:00,2.0,,,0.72,0.81,0.87,,,,,,,
RUP_1000_818_DEC_21,1,1,10:30:00,5.0,,,,0.33,,0.57,,,0.79,1.03,,
RUP_1075_662_DEC_44,1 & 2 ,1,03:10:00,-3.0,,,,,0.63,0.83,,,,1.08,,
RUP_1000_818_DEC_21,2 & 3 & 4,2,08:15:00,7.0,,,,,,0.88,,,,,,
RUP_1000_818_DEC_22,1,1,22:55:00,-2.0,,,,0.65,,0.88,1,,,,,
RUP_1075_662_DEC_44,1 & 2 & 3 ,2,05:15:00,-2.0,,,,0.71,0.89,,,,,,,
RUP_1000_818_DEC_22,2 & 3 & 4,2,20:45:00,4.0,,,,,,0.51,,0.89,,,,
RUP_1075_662_DEC_45,1,1,00:00:00,4.0,,,,,,,1,,,,,
RUP_1000_818_DEC_23,1,1,12:10:00,7.0,,,,,0.77,1.04,,,,,,
RUP_1000_818_DEC_23,2 & 3 & 4,2,12:30:00,0.0,,,,,0.92,,,,,,,
RUP_1000_818_DEC_24,1,1,19:30:00,0.0,,,,,0.93,1,,,,,,
RUP_1075_662_DEC_47,1,1,12:02:00,1.0,,,,0.39,0.55,,,,,0.71,,
RUP_1000_818_DEC_24,2 & 3 & 4,2,08:45:00,-2.0,,,,0.61,0.8,,,,,,,
RUP_1075_662_DEC_47,2 & 3,2,1900-01-21 00:00:00,-1.0,,,,,0.58,,0.7,,0.8,,,
RUP_1075_662_DEC_48,1,1,18:30:00,-4.0,,,,,0.55,,,,,0.89,,
RUP_1000_818_DEC_25,1 & 2,1,03:50:00,-3.0,,,,,0.66,,0.94,1.02,,,,
RUP_1075_662_DEC_48,2 & 3,2,09:30:00,-3.0,,,,,0.62,0.63,0.7,0.81,,,,
RUP_1000_818_DEC_25,3 & 4,2,16:00:00,-2.0,,,,,0.92,,,,,,,
RUP_1075_662_DEC_49,1,1,07:30:00,0.0,,,,,0.51,0.68,0.74,,1.07,,,
RUP_1075_662_DEC_49,2,2,22:45:00,3.0,,,,0.98,,,,,,,,
RUP_1000_818_DEC_26,1,1,1900-01-18 07:12:00,3.0,,,,,1.02,,,,,,,
RUP_1075_662_DEC_50,1,1,21:05:00,2.0,,,,,0.66,,1.02,,,,,
RUP_1000_818_DEC_26,3 & 4 & 5,2,07:50:00,3.0,,,,,0.82,,,,,,,
RUP_1075_662_DEC_50,2 & 3,2,11:05:00,4.0,,,,0.52,,0.82,,,,,,
RUP_1075_662_DEC_51,1 & 2,1,04:05:00,0.0,,,,,1.07,,,,,,,
RUP_1000_818_DEC_28,2 & 3,2,19:00:00,0.0,,,,,0.88,1.03,,,,,,
RUP_1000_818_DEC_28,4 & 5 & 6,2,05:15:00,-4.0,,,,,0.85,,1,,,,,
RUP_1000_818_DEC_29,2 & 3 & 4 & 5,2,13:00:00,-3.0,,,,0.82,,1.29,,,,,,
RUP_1075_662_DEC_53,4 & 5 & 6,2,12:35:00,,,,,,,,,,1.09,,,
RUP_1000_818_DEC_30,2 & 3,2,06:50:00,-6.0,,,,0.46,,,,1.01,,,,
RUP_1075_662_DEC_54,2 & 3 & 4,2,13:05:00,-2.0,,,,,0.57,,0.81,,1.04,,,
RUP_1000_818_DEC_31,3 & 4 ,2,23:15:00,-2.0,,,,,,1.03,,,,,,
RUP_1075_662_DEC_55,1,1,09:20:00,-3.0,,,,,0.93,,,,,,,
RUP_975_761_SUB_02,2 & 3,2,09:35:00,-1.0,,,,,,0.55,,,1,,,
RUP_1075_662_DEC_55,2 & 3,2,02:20:00,-7.0,,,,0.61,0.74,1.01,,,,,,
RUP_1000_818_DEC_32,1,1,14:30:00,2.0,,,,0.68,,,,,,,,
RUP_1000_818_DEC_32,2 & 3,2,01:05:00,-6.0,,,,,,1.01,,,,,,
RUP_1075_662_DEC_56,1,1,14:30:00,4.0,,,,0.55,,,,,,,,
RUP_1075_662_DEC_56,2&3,2,,1.0,,,,,1.08,,,,,,,
RUP_1075_630_ACC_01,1&2,1,12:10:00,-9.0,,,,0.51,,,,,,,,
RUP_1000_818_DEC_33,4,2,14:55:00,-9.0,,,,0.74,,1.11,,,,,,
RUP_975_761_SUB_03,1&2&3,2,22:45:00,-8.0,,,,0.72,,,1.02,,,,,
RUP_1075_630_ACC_01,3&4&5,2,20:30:00,-10.0,,,,0.75,1.02,,,,,,,
RUP_1075_662_DEC_57,2&3,2,02:45:00,-7.0,,,,,0.85,,1.01,,,,,
RUP_1000_818_DEC_34,2&3&4&5,2,18:30:00,-6.0,,,,,1,,,,,,,
RUP_1075_630_ACC_02,2,1,01:30:00,-9.0,,,,0.56,,,,,,,,
RUP_1075_662_DEC_58,1,1,04:00:00,-9.0,,,,0.57,,,,,,,,
RUP_1075_662_DEC_58,2&3,2,14:00:00,-4.0,,,,,0.87,0.98,,,0.77,0.83,,
RUP_1075_662_DEC_58,4,2,02:30:00,-10.0,,,,,0.72,1.11,,,,,,
RUP_1075_630_ACC_03,3&4,2,08:00:00,-9.0,,,,,0.56,,0.75,,0.9,1.02,,
RUP_1000_818_DEC_35,2&3,2,23:00:00,1.0,,,,,,0.71,1.01,,,,,
RUP_1075_662_DEC_59,2&3,2,21:15:00,-3.0,,,,,1.05,,,,,,,
RUP_1000_818_DEC_36,2&3,2,09:10:00,2.0,,,,,0.58,,0.75,,1,,,
RUP_1000_818_DEC_37,2$3,2,19:30:00,-2.0,,,,,0.89,0.97,1.07,,,,,
RUP_1075_662_DEC_60,2 & 3,2,06:20:00,-3.0,,,,0.64,,,0.83,,0.99,,,
RUP_1075_630_ACC_04,2,2,12:30:00,0.0,,,,,0.75,,0.93,,1.03,,,
RUP_1000_818_DEC_38,2&3,2,19:30:00,1.0,,,,,1.07,,,,,,,
RUP_1075_662_DEC_61,2 & 3 & 4,2,15:30:00,3.0,,,,,,1.16,,,,,,
RUP_1000_818_DEC_39,2,2,01:45:00,2.0,,,,,0.49,,0.72,,0.76,0.76,,
RUP_1000_818_DEC_39,3,2,11:45:00,4.0,,,0.49,0.7,,0.8,,1.09,,,,
RUP_1075_662_DEC_62,2&3,2,04:30:00,2.0,,,,,0.78,,1.06,,,,,
RUP_1000_818_DEC_40,2&3,2,02:05:00,-3.0,,,,,0.9,1.05,,,,,,
RUP_1075_630_ACC_04,3,SANACIJA,17:30:00,1.0,,,,,,0.77,,,0.99,,,
RUP_1075_662_DEC_63,2 & 3,1,05:15:00,-1.0,,,,,1.03,,,,,,,
RUP_1000_818_DEC_41,2 & 3,2,10:15:00,14.0,,,,,0.6,,0.69,,0.76,0.83,,
RUP_1000_818_DEC_41,4,2,02:30:00,-1.0,,,,,0.76,1.04,,,,,,
RUP_1075_662_DEC_64,2 & 3,2,05:20:00,0.0,,,,,0.39,,,,0.95,1.11,,
RUP_1000_818_DEC_42,2 & 3,2,13:00:00,13.0,,,,,,,1.05,,,,,
RUP_1000_818_DEC_43,2&3&4,2,23:50:00,7.0,,,,,1.1,,,,,,,
RUP_1075_662_DEC_65,3&4,2,07:00:00,3.0,,,,0.35,,,,,1.07,,,
RUP_1075_630_ACC_04,8 & 9 ,2,05:05:00,-1.0,,,,,0.62,,0.92,1.06,,,,
RUP_1075_662_DEC_66,2&3,2,19:30:00,-3.0,,,,,0.5,,0.68,,0.87,1.04,,
RUP_1000_818_DEC_44,9 & 10 & 11,2,03:15:00,-2.0,,,,,0.83,,1.04,,,,,
RUP_1075_662_DEC_67,2&3,2,18:15:00,2.0,,,,,0.75,,1.08,,,,,
RUP_1000_818_DEC_44,16&17,2,21:30:00,1.0,,,,,0.98,1.05,,,,,,
RUP_1075_630_ACC_05,3,2,00:50:00,0.0,,,,,0.62,,,,,0.69,,
RUP_1075_630_ACC_05,4,2,11:15:00,0.0,,,,,,,1.04,,,,,
RUP_1075_662_DEC_68,2 & 3,2,03:50:00,1.0,,,,,0.99,,,,,,,
RUP_1075_662_DEC_69,2 & 3,2,11:15:00,2.0,,,,,,0.92,1.01,,,,,
RUP_1000_818_DEC_45,2,2,14:45:00,6.0,,,,,,,1.01,,,,,
RUP_1075_630_ACC_06,2,2,14:30:00,7.0,,,,,1.08,,,,,,,
RUP_1075_662_DEC_70,2,2,15:30:00,8.0,,,,,,,,,1.09,,,
RUP_1000_818_DEC_46,2 & 3,2,01:30:00,-3.0,,,,,0.93,1.03,,,,,,
RUP_1075_662_DEC_71,2 &  3,2,01:30:00,5.0,,,,0.93,1.06,,,,,,,
RUP_1000_818_DEC_47,2 & 3,3,19:00:00,4.0,,,,,1,,,,,,,
RUP_1075_630_ACC_07,2&3,2,07:00:00,8.0,,,,0.64,,1.08,,,,,,
RUP_1075_662_DEC_72,2&3,2,15:20:00,10.0,,,,,,,1.04,,,,,
RUP_1000_818_DEC_48,2&3,2,08:30:00,8.0,,,,0.68,0.85,1,,,,,,
RUP_1075_662_DEC_73,2&3&4,2,09:00:00,0.0,,,,0.79,1.01,,,,,,,
RUP_1075_662_DEC_74,2&3&4,2,18:00:00,0.0,,,,0.86,1.07,,,,,,,
RUP_1000_818_DEC_49,3&4,2,20:00:00,-2.0,,,,,0.55,,0.82,,1.02,,,
RUP_1075_630_ACC_08,3&4,2,23:35:00,-3.0,,,,,,0.52,0.74,,,1.03,,
RUP_1075_662_DEC_75,3 & 4,2,02:20:00,0.0,,,,,0.77,,,0.94,1.02,,,
RUP_1000_818_DEC_49,2&3,2,14:10:00,0.0,,,,0.88,1.02,,,,,,,
RUP_1000_818_DEC_51,2&3&4,2,22:30:00,-3.0,,,,0.99,,,,,,,,
RUP_1075_630_ACC_09,4,2,05:00:00,-3.0,,,,,,0.73,0.75,,,,,
RUP_1050_539_RMP_02,2&3,2,18:20:00,-1.0,,,,1.03,,,,,,,,
RUP_1000_818_DEC_52,2 & 3,2,06:40:00,-3.0,,,,0.84,,,0.97,1.04,,,,
RUP_1050_539_RMP_03,Shotcrete from Trgošped,2,22:55:00,-1.0,,,,1.04,,,,,,,,
RUP_1050_539_RMP_04,1 & 2,1,15:50:00,1.0,,,,0.66,,,0.89,1.03,,,,
RUP_1000_818_DEC_53,3&4&5&6,2,20:00:00,4.0,,,,,0.95,1.1,,,,,,
RUP_1050_539_RMP_05,1 & 2,1,23:50:00,2.0,,,,,0.52,,0.68,,0.8,0.87,,
RUP_1075_630_ACC_09,5,2,04:40:00,2.0,,,,,0.83,1.05,,,,,,
RUP_1050_539_RMP_05,3 & 4,1,08:20:00,4.0,,,,0.66,,1.01,,,,,,
RUP_1075_630_ACC_09,7,2,00:50:00,1.0,,,,0.81,0.99,,,,,,,
RUP_1050_539_RMP_07,1&2,1,21:30:00,1.0,,,,,,1.01,,,,,,
RUP_1000_818_DEC_54,3,3,06:45:00,3.0,,,,,,,,,,1.04,,
RUP_1050_539_RMP_08,1&2,1,11:45:00,3.0,,,,0.53,,1.04,,,,,,
RUP_1050_539_RMP_09,1&2,1,11:05:00,7.0,,,,,1.06,,,,,,,
RUP_1050_539_RMP_09,3,1,22:45:00,5.0,,,,,0.8,,,,0.94,1.03,,
RUP_1000_818_DEC_55,4 & 5,2,01:40:00,2.0,,,,,,,,0.85,,1.0,,
RUP_1000_818_DEC_56,1,1,03:30:00,4.0,,,,,,0.93,1.03,,,,,
RUP_1050_539_RMP_10,2 & 3,2,07:00:00,5.0,,,,,,0.81,,1.16,,,,
RUP_1000_818_DEC_57,3&4&5,2,21:20:00,1.0,,,,1.07,,,,,,,,
RUP_1050_539_RMP_11,2 & 3 & 4,2,05:30:00,-6.0,,,,,,0.8,,,1.1,,,
RUP_1075_630_ACC_09,11&12,2,03:00:00,-2.0,,,,,1.02,,,,,,,
RUP_1100_592_RMP_01,2&3&4,2,21:45:00,5.0,,,,,0.57,,,,1.04,,,
RUP_1050_539_RMP_12,3&4,2,03:30:00,4.0,,,,,0.72,,1.04,,,,,
RUP_1075_630_ACC_09,13&14,2,06:30:00,6.0,,,,,0.73,,0.88,1.03,,,,
RUP_1000_818_DEC_59,1 & 2 ,1,16:00:00,5.0,,,,,,0.46,,0.69,,1.01,,
RUP_1000_818_DEC_60,1&2&3,1,22:15:00,6.0,,,,,0.87,,0.87,,0.88,,,
RUP_1050_539_RMP_13,3,2,23:45:00,2.0,,,,,0.9,,,,1.1,,,
RUP_1000_818_DEC_61,1 & 2,1,17:30:00,1.0,,,,,,,,,1.11,,,
RUP_1050_539_RMP_14,3&4%5,2,04:50:00,-3.0,,,,,,,0.68,,,1.01,,
RUP_1100_592_RMP_02,4&5&6&7&8,2,18:00:00,-1.0,,,,,0.72,,1.04,,,,,
RUP_1050_539_RMP_15,2&3&4,2,01:10:00,-4.0,,,,0.55,,,1,,,,,
RUP_1050_539_RMP_15 - rehabilitation,5 & 6,2,12:20:00,2.0,,,,,0.67,,,1.0,,,,
RUP_1100_592_RMP_03,2,2,07:45:00,2.0,,,,,0.87,,1.11,,,,,
RUP_1050_539_RMP_15 - rehabilitation ,7 & 8,2,08:00:00,2.0,,,,,,0.46,,,,1.0,,
RUP_1000_818_DEC_58 (rehabilitation 445-447 m),2 & 3,2,11:40:00,-1.0,,,,,0.86,1.02,,,,,,
RUP_1100_592_RMP_04,2 & 3  ,2,10:15:00,-1.0,,,,0.85,1,,,,,,,
RUP_1050_539_RMP_16,2 & 3,2,15:00:00,4.0,,,,,,,,0.6,0.8,1.0,,
Rehabilitation on lower decline,1,2,17:00:00,5.0,,,,,0.69,,,0.77,,0.87,,
Rehabilitation on lower decline (447-453 m),2,2,05:00:00,2.0,,,,,0.34,,0.7,,,1.0,,
RUP_1100_592_RMP_05 (Trgošped shotcrete),2,2,15:30:00,7.0,,,,,,,1.05,,,,,
Rehabilitation on lower decline (451-455m),3 & 4,2,07:30:00,1.0,,,,,0.82,,1,,,,,
RUP_1050_539_RMP_17,3 & 4,2,12:45:00,5.0,,,,,,0.84,1.01,,,,,
RUP_1100_592_RMP_06,3 & 4,2,11:00:00,9.0,,,,,0.8,1,,,,,,
RUP_1100_592_RMP_07,5 & 6,2,05:30:00,4.0,,,,,0.5,,0.63,,0.66,0.7,,
RUP_1100_592_RMP_07,7,2,13:00:00,7.0,,,,,0.88,1,,,,,,
RUP_1050_539_RMP_18,2 &3,2,14:00:00,6.0,,,,,0.73,,,0.87,,1.02,,
RUP_1100_592_RMP_08,3,2,,5.0,,,,,,,,,1,,,
RUP_950_DEC_01,1,1,23:15:00,8.0,,,,,,,,0.24,,0.47,,
RUP_950_DEC_01,2,1,12:15:00,6.0,,,,,0.9,1,,,,,,
RUP_1075_630_ACC_10,1&2&3,2,10:30:00,6.0,,,,,0.93,1,,,,,,
RUP_950_DEC_02,1,1,15:10:00,11.0,,,,,,0.76,,,,0.99,,
RUP_1050_MBAY_01,6,2,04:30:00,2.0,,,,,,,0.5,,,1.0,,
RUP_1050_539_RMP_19,3,2,06:10:00,2.0,,,,0.48,,,,,0.82,1.02,,
RUP_950_DEC_03,2 & 3,1,21:00:00,10.0,,,,,,0.65,,,,1.0,,
RUP_1075_630_ACC_11,2,2,00:30:00,5.0,,,,,,,,,1.06,,,
RUP_1100_592_RMP_09,2 & 3 & 4,2,12:30:00,20.0,,,,,,,0.01,,,,,
RUP_950_DEC_04,1 & 2,1,04:30:00,5.0,,,,,1.02,,,,,,,
RUP_1050_MBAY_02,2 & 3,2,10:30:00,8.0,,,,,0.91,1,,,,,,
RUP_1075_630_ACC_12,2 & 3,2,11:30:00,7.0,,,,,0.92,1.02,,,,,,
RUP_1050_MBAY_03,1 & 2,1,21:30:00,7.0,,,,,0.44,,0.5,,,0.63,,
RUP_1050_MBAY_03,3,2,05:00:00,7.0,,,,,0.5,,,,,1.05,,
RUP_1075_630_ACC_13,2 & 3,2,14:45:00,8.0,,,,,0.74,,0.88,,1,,,
RUP_950_DEC_05,1 & 2,1,20:30:00,6.0,,,,,,,1.01,,,,,
RUP_1050_MBAY_04,1 & 2,1,05:00:00,1.0,,,,,1.05,,,,,,,
RUP_1050_MBAY_04,3,2,1900-01-11 07:12:00,9.0,,,,,,0.88,1.02,,,,,
RUP_1075_630_ACC_14,1,1,15:45:00,9.0,,,,,0.71,,0.85,,1.01,,,
RUP_1075_630_ACC_14,2,2,0.21875,-1.0,,,,,0.95,,,,,,,
RUP_1050_539_RMP_20,3,2,14:30:00,13.0,,,,,0.9,,,1.03,,,,
RUP_950_DEC_06,2,1,18:30:00,7.0,,,,,0.83,1.03,,,,,,
RUP_1050_MBAY_05,1 & 2 & 3,2,06:15:00,5.0,,,,,0.65,,,1.14,,,,
RUP_1075_630_ACC_15,2 & 3,2,02:25:00,4.0,,,,,0.71,,0.8,1.0,,,,
RUP_1050_539_RMP_21,1,1,06:45:00,3.0,,,0.52,,,,,1.11,,,,
RUP_1075_630_ACC_15,4,2,17:30:00,13.0,,,,,0.56,,,,0.87,1.04,,
RUP_1050_MBAY_06,2 & 3,1,21:00:00,8.0,,,,0.63,,,,,,,,
RUP_1050_539_RMP_21,2 & 3,2,00:00:00,7.0,,,,,0.83,,1,,,,,
RUP_1075_630_ACC_15,5 & 6,3,15:40:00,6.0,,,,1.2,,,,,,,,
RUP_1100_592_RMP_10,3&4&5,1,20:30:00,8.0,,,,,1.05,,,,,,,
RUP_1075_630_ACC_16,1 & 2,1,15:45:00,16.0,,,,,,,,0.75,,1.0,,
RUP_1075_630_ACC_16,3 & 4 & 5,2,21:30:00,16.0,,,,,1,,,,,,,
RUP_1075_630_ACC_17,1,1,18:15:00,8.0,,,,,,0.54,,,1,,,
RUP_1075_630_ACC_17,2 & 4,2,19:30:00,7.0,,,,,1.01,,,,,,,
RUP_1100_592_RMP_11,1 & 2,1,02:00:00,6.0,,,,0.66,,1.02,,,,,,
Rehabilitation (410 - 416) -GTN 2,1,2,15:30:00,12.0,,,,,,,1.03,,,,,
RUP_1075_630_ACC_18,1,1,09:30:00,14.0,,,,,1.04,,,,,,,
RUP_1075_630_ACC_18,2,2,18:30:00,7.0,,,,,0.9,1.01,,,,,,
RUP_1075_630_ACC_19,1,1,14:30:00,7.0,,,,,0.71,,1.04,,,,,
RUP_1100_592_RMP_11,7 & 8 & 9 & 10,2,07:30:00,7.0,,,,,0.87,,1.03,,,,,
RUP_1075_630_ACC_19,2 & 3,2,15:40:00,8.0,,,,,,1.05,,,,,,
RUP_950_DEC_09,1,1,03:00:00,,,,,,,,0.13,,,0.17,,
RUP_950_DEC_09,2,1,22:00:00,11.0,,,,,1.02,,,,,,,
RUP_1075_630_ACC_20,"3,4,5,6",2,15:00:00,10.0,,,,,0.81,,0.94,1.02,,,,
RUP_950_DEC_10,"3,4,5",1,06:30:00,4.0,,,,,1,0.6,,0.82,0.97,,,
RUP_1075_630_ACC_21,1,1,14:00:00,7.0,,,,,,,,,,,,
RUP_1075_630_ACC_21,"2,3",2,02:20:00,6.0,,,,,1.01,,,,,,,
RUP_1075_630_ACC_21,4 & 5,3,14:20:00,10.0,,,,,,,,1.0,,,,
RUP_1075_630_ACC_22,1,1,08:45:00,10.0,,,,,0.91,1.03,,,,,,
RUP_1075_630_ACC_22,2 & 3,2,02:15:00,7.0,,,,,0.89,1.06,,,,,,
RUP_1050_539_RMP_22,5 & 6 & 7,2,22:00:00,5.0,,,,,0.86,1,,,,,,
RUP_1075_630_ACC_23,1,1,10:30:00,15.0,,,,,1.05,,,,,,,
RUP_1075_630_ACC_23,3,2,18:50:00,,,,,,,,,1.0,,,,
RUP_1075_DEC (Rehabilitation NCR-GTC-054),1 & 2 & 3,2,05:45:00,7.0,,,,,0.87,,1.01,,,,,
RUP_1075_630_ACC_24,1,1,14:30:00,16.0,,,,,0.77,,1.02,,,,,
RUP_950_DEC_12,1 & 2,1,20:00:00,,,,,,,,,,,,,
RUP_1075_DEC (Rehabilitation NCR-GTC-054),4 & 5 & 6,3,23:30:00,8.0,,,,,0.88,1,,,,,,
RUP_950_DEC (Rehabilitation NCR-GTC-071),1,1,22:00:00,8.0,,,,,,1.03,,,,,,
RUP_1075_630_ACC_25,2,2,06:20:00,10.0,,,,,0.77,,,1.04,,,,
RUP_1075_630_ACC_26,2,1,23:30:00,9.0,,,,,,0.69,1.04,,,,,
RUP_1075_630_ACC_26,3 & 4,2,18:15:00,14.0,,,,,0.69,,,1.04,,,,
RUP_1065_SMP_01,1,1,08:40:00,18.0,,,,,0.8,,1.01,,,,,
RUP_1100_592_RMP_11,2,1,03:00:00,11.0,,,,,0.65,0.77,1.04,,,,,
RUP_1065_SMP_01,2 &3 ,2,11:20:00,17.0,,,,0.8,,1.02,,,,,,
RUP_950_DEC_14,1,1,17:00:00,12.0,,,,,,,0.99,,,,,
RUP_950_DEC_15,1 & 2,1,23:10:00,12.0,,,,,,,1.02,,,,,
RUP_1065_SMP_02,1,1,06:10:00,7.0,,,,,0.67,,,,0.85,1.01,,
RUP_1100_592_RMP_01,1,3,07:00:00,8.0,,,,,,,,1.0,,,,
RUP_1065_SMP_02,2 & 3,2,22:00:00,10.0,,,,,0.71,,,,,,,
RUP_1065_SMP_03,1,1,20:15:00,8.0,,,,,,,,1.0,,,,
RUP_1075_630_ACC_27,1,1,05:00:00,6.0,,,,,0.88,,1.03,,,,,
RUP_1075_630_ACC_27,2 & 3,2,15:10:00,10.0,,,,,,,0.78,,1.04,,,
RUP_1065_SMP_03,3,3,19:10:00,13.0,,,,,,1.04,,,,,,
RUP_975_ACC_01,1 & 2,1,11:00:00,14.0,,,,,,,,,1.02,,,
RUP_1065_SMP_04,1 & 2,2,15:20:00,10.0,,,,,,1.02,,,,,,
RUP_1075_630_ACC_28,3&4&5,2,02:20:00,9.0,,,,,0.8,,0.9,,,,,
RUP_1065_SMP_04,"3,4,5",2,07:10:00,11.0,,,,,0.81,,1,,,,,
RUP_975_ACC_01,5,2,16:30:00,13.0,,,,,,,1.05,,,,,
RUP_1065_SMP_05,1,1,03:45:00,11.0,,,,,,,0.9,1.02,,,,
RUP_975_ACC_01,6 & 7,3,10:30:00,10.0,,,,,,0.82,,1.0,,,,
RUP_1065_SMP_05,3 & 4 & 5,2,20:00:00,10.0,,,,,,,,,,,,
RUP_1075_630_ACC_29,2 & 3,1,06:25:00,12.0,,,,,,1,,,,,,
RUP_1075_630_ACC_29,6,2,03:45:00,12.0,,,,0.7,,,1.03,,,,,
RUP_1075_630_ACC_29,11 & 12,3,05:45:00,14.0,,,,0.5,,,,,0.87,1.03,,
RUP_975_ACC_02,"1,2,3",1,13:30:00,16.0,,,,,0.92,1,,,,,,
RUP_1075_630_ACC_29 (SI-GTC-053),1 & 2,3,05:50:00,11.0,,,,,0.9,1.02,,,,,,
RUP_1075_630_ACC_29 (SI-GTC-056),1 & 2,1,03:10:00,10.0,,,,,0.81,,0.92,,1.03,,,
RUP_975_ACC_03,1 & 2,1,12:35:00,22.0,,,,,,,,,1.02,,,
RUP_1050_DEC (Reh. NCR-GTC-060),1&2&3&4,2,04:00:00,12.0,,,,,1.02,,,,,,,
RUP_975_ACC_04,1 & 2,1,10:20:00,12.0,,,,,,,,,1.02,,,
RUP_975_ACC_05,1 & 2,1,19:10:00,10.0,,,,,,0.76,,1.1,,,,
RUP_950_DEC (Rehabilitation NCR-GTC-086),1,1,20:10:00,10.0,,,,,,,1,,,,,
RUP_1075_SMP_01,1,1,22:30:00,11.0,,,,,,,0.99,,,,,
RUP_1075_SMP_01,2&3,2,12:05:00,15.0,,,,,0.73,,1.02,,,,,
RUP_975_ACC_06,1 & 2,1,14:30:00,15.0,,,,0.77,,,,,1.12,,,
RUP_975_ACC_07,1 & 2 & 3,1,20:00:00,8.0,,,,,0.8,,1,,,,,
RUP_1075_630_ACC_30,1 & 6,1,15:30:00,12.0,,,,,,1.03,,,,,,
RUP_1050_RMP (NCR-GTC-014),3 & 4 & 5 & 6 & 7 & 8 & 9,2,06:50:00,10.0,,,,,0.8,,0.98,,,,,
RUP_1075_630_ACC_30,7 & 8 &9&10&11,2,20:45:00,12.0,,,,,0.64,,0.91,1.0,,,,
RUP_975_ACC_08,1 & 2,1,02:00:00,11.0,,,,,,,1.03,,,,,
RUP_1075_539_DEC_22,12,3,21:30:00,10.0,,,,,,,,,1,,,
RUP_955_DEC_01/975_INC_01,1 & 2 & 3,1,13:40:00,25.0,,,,,,0.79,,,1,,,
RUP_1075_630_ACC_31,1,1,19:10:00,18.0,,,,,1.01,,,,,,,
RUP_1050_539_RMP_23,1 & 2,1,23:10:00,16.0,,,,,,,0.72,,1,,,
RUP_1075_630_ACC_31,2,2,01:45:00,20.0,,,,0.79,1.01,,,,,,,
RUP_1050_539_RMP_23,3 & 4 & 5,2,17:00:00,30.0,,,,,0.82,,1.01,,,,,
RUP_1075_630_ACC_32,1,1,00:50:00,21.0,,,,0.74,1.01,,,,,,,
RUP_1075_630_ACC_33,,,,,,,,,,,,,,,,
RUP_1050_539_RMP_24,2,2,04:00:00,12.0,,,,,1.02,,,,,,,
RUP_1075_SMP_02,2 & 3,2,21:00:00,12.0,,,,,0.78,1,,,,,,
RUP_955_DEC_03,1 & 2,1,18:15:00,17.0,,,,,1.01,,,,,,,
RUP_975_INC_03,1 & 2,1,13:00:00,17.0,,,,,,,,,,1.0,,
RUP_1050_539_RMP_26,1 & 2 & 4,1,04:45:00,10.0,,,,,,0.75,1.02,,,,,
RUP_1075_630_XC_01,1 & 2,1,04:20:00,12.0,,,,,0.95,1.04,,,,,,
RUP_1075_630_XC_01,3 to 7,2,00:00:00,7.0,,,,,,0.83,1,,,,,
RUP_1050_539_RMP_27,1 & 2,1,03:45:00,6.0,,,,,,0.9,1,,,,,
RUP_1075_630_XC_02,3 & 4,1,14:15:00,18.0,,,,,,,0.77,,1,,,
RUP_1050_539_RMP_28,"1,2,3,4,5",1,14:10:00,17.0,,,,,0.86,,1.02,,,,,
RUP_1075_630_XC_03,"1,2,3,4,5",1,22:00:00,17.0,,,,,,,,1.07,,,,
RUP_1050_539_RMP_29,"2,3,4,5,6",1,11:45:00,15.0,,,,,,,0.76,,1.01,,,
RUP_975_INC_04,1 & 3,1,20:10:00,15.0,,,,,,1.04,,,,,,
RUP_1075_630_XC_04,1&2,1,03:30:00,13.0,,,,,0.99,,,,,,,
RUP_1075_630_XC_05,1 and 2 ,1,06:05:00,17.0,,,,,,,,,,,,
RUP_1050_539_RMP_30,"1,2,3,4",1,12:50:00,17.0,,,,,,,,,,,,
RUP_1075_SMP_03,4 & 5,1,19:00:00,26.0,,,,,1.01,,,,,,,
RUP_1075_630_XC_06,1 & 2 & 3,1,22:00:00,26.0,,,,,0.76,,,,1.04,,,
RUP_1050_539_RMP_31,1 & 2,1,21:01:00,25.0,,,,,1,,,,,,,
RUP_975_INC_05,1 & 2,1,01:50:00,10.0,,,,,,1,,,,,,
RUP_975_INC_06,1 & 2,1,09:05:00,25.0,,,,,0.89,1.01,,,,,,
RUP_1075_630_XC_07,1 & 2,1,01:15:00,9.0,,,,,0.99,,,,,,,
RUP_975_INC_06,2 & 3,1,05:30:00,20.0,,,,,0.69,,,,,,,
RUP_1075_630_XC_08,1 & 2,1,22:45:00,21.0,,,,,,1.03,,,,,,
"975_ACC, 975_INC,950_DEC (Rehab)","1,2,3,4,5",2,14:15:00,35.0,,,,,,,1.05,,,,,
RUP_1025_DEC_01,"1,4",1,11:20:00,21.0,,,,,,1,,,,,,
RUP_1075_630_XC_09,1,1,13:20:00,22.0,,,,,0.99,,,,,,,
RUP_975_INC_08,3&4&5&6,2,03:45:00,15.0,,,,,,0.99,,,,,,
RUP_1025_DEC_02,1 & 2,1,17:00:00,25.0,,,,,0.88,,0.99,,,,,
RUP_1075_630_XC_10,1 & 2,1,22:15:00,18.0,,,,,0.87,1,,,,,,
RUP_1025_DEC_03,"1,4",1,08:05:00,17.0,,,,,,0.97,,,,,,
RUP_975_INC_08,6,1,12:20:00,26.0,,,,,,0.95,,,,,,
RUP_1025_DEC_04,1 & 2,1,13:35:00,26.0,,,,,0.61,,,0.84,,1.01,,
RUP_1025_DEC_05,1&2&3,1,19:00:00,28.0,,,,,,,0.77,,1.02,,,
RUP_1075_630_XC_14,1 & 2,1,15:40:00,26.0,,,,,1,,,,,,,
RUP_1025_DEC_06,1 & 2,1,23:25:00,18.0,,,,,,1.04,,,,,,
RUP_975_INC_10,2&3&4&5,1,02:10:00,12.0,,,,,1.01,,,,,,,
RUP_950_DEC_17,1 & 2,1,14:15:00,25.0,,,,,0.87,1.02,,,,,,
RUP_950_DEC_18,1 & 2,1,22:15:00,23.0,,,,,,,1,,,,,
RUP_1075_FWD_S_01,1&2&3,1,13:40:00,21.0,,,,,1.03,,,,,,,
RUP_975_INC_11,1 & 2,1,21:20:00,24.0,,,,,0.79,1,,,,,,
RUP_1075_FWD_S_02,1&2&3,1,16:00:00,20.0,,,,,,,1.04,,,,,
RUP_975_INC_12,2 & 3,1,21:30:00,17.0,,,,,0.99,,,,,,,
RUP_955_DEC_05,1 & 2,1,18:50:00,28.0,,,,,,1.03,,,,,,
RUP_975_INC_13,1 & 2,1,20:50:00,21.0,,,,,0.8,1.03,,,,,,
RUP_1075_FWD_S_03,1 & 2,1,06:10:00,12.0,,,,,,,1.1,,,,,
RUP_975_INC_14,1 & 2,1,17:00:00,28.0,,,,,1.01,,,,,,,
RUP_955_DEC_06,1 & 2,1,20:00:00,22.0,,,,,0.88,1.01,,,,,,
RUP_1075_FWD_S_04,1 & 2  & 3,1,04:05:00,20.0,,,,,1.01,,,,,,,
RUP_1050_ACC_01,1 & 2 & 3,1,15:05:00,31.0,,,,,,1.02,,,,,,
RUP_955_DEC_07,1 & 2 & 3,1,01:40:00,20.0,,,,,,1.02,,,,,,
RUP_975_ACC_01,1 & 2 & 3,1,04:15:00,18.0,,,,,1.03,,,,,,,
RUP_1075_FWD_S_05,1 & 2 & 3,1,13:10:00,15.0,,,,,,1,,,,,,
RUP_1050_ACC_01,7 & 8,1,08:50:00,15.0,,,,,,1,,,,,,
RUP_1050_ACC_02,1 & 2 & 3,1,02:15:00,11.0,,,,,0.99,,,,,,,
RUP_975_INC_18,1 & 2 & 3,1,10:00:00,19.0,,,,,,,1.01,,,,,
RUP_975_ACC_04,1 & 2 & 3,1,13:30:00,19.0,,,,,1.02,,,,,,,
RUP_1050_ACC_02,,1,15:00:00,20.0,,,,,,,0.94,1.03,,,,
RUP_975_INC_19,2 & 3 & 4,1,18:00:00,16.0,,,,,,,1.01,,,,,
RUP_975_INC_20,1 & 2 & 3,1,07:15:00,16.0,,,,,,1.01,,,,,,
RUP_975_ACC_06,1 & 2,1,10:40:00,16.0,,,,,1,,,,,,,
RUP_1025_DEC_08,1 & 2 & 3,1,20:00:00,16.0,,,,,1,,,,,,,
RUP_1050_ACC_03,1 & 2,1,13:50:00,17.0,,,,,,,,,0.98,,,
RUP_975_INC_21,1 & 2,1,19:05:00,15.0,,,,,,1.08,,,,,,
RUP_1050_ACC_03,3 & 4,2,10:30:00,18.0,,,,,,0.98,,,,,,
RUP_975_INC_22,2 & 3,1,11:30:00,20.0,,,,,,,,0.95,,,,
RUP_975_INC_23,1 & 2,1,15:35:00,25.0,,,,,,1.03,,,,,,
RUP_975_ACC_09,1 & 2 & 3,1,19:55:00,29.0,,,,,1,,,,,,,
RUP_1025_DEC_10,1 & 2 & 3,1,14:15:00,,,,,,,1.01,,,,,,
RUP_975_INC_24,1 & 2,1,04:30:00,12.0,,,,,,,,,,1.24,,
RUP_1025_DEC_11,1 & 2,1,20:30:00,27.0,,,,,,,,,,,,
RUP_975_INC_25,1 & 2,1,11:00:00,27.0,,,,,,1.02,,,,,,
RUP_975_ACC_10,1 & 2 & 3,1,14:40:00,32.0,,,,,1.03,,,,,,,
RUP_1025-DEC_12,1 & 2,1,11:50:00,32.0,,,,,1.03,,,,,,,
RUP_975_ACC_11,1 & 2 & 3,1,16:40:00,31.0,,,,,1.03,,,,,,,
RUP_975_INC_26,1&2&3,1,01:30:00,20.0,,,,,,0.9,1,,,,,
RUP_975_INC_27,1 & 2 & 3,1,15:00:00,24.0,,,,,1,,,,,,,
RUP_1025_DEC_14,1 & 2 & 3,1,22:15:00,18.0,,,,,0.93,,1.07,,,,,
RUP_975_ACC_12,1 & 2,1,02:45:00,16.0,,,,,,1.01,,,,,,
RUP_975_INC_28,1 & 2,1,23:30:00,17.0,,,,0.72,,0.91,1,,,,,
RUP_975_MBAY_01,1 & 2 & 3,1,03:30:00,14.0,,,,,,1.02,,,,,,
RUP_1050_ACC_ARCHES,1&2&3&4&5,1,20:55:00,20.0,,,,,1.04,,,,,,,
RUP_1025_DEC_15,1 & 2,1,01:10:00,14.0,,,,,,,1.01,,,,,
RUP_975_INC_29,1 & 2 & 3,1,11:00:00,17.0,,,,,"0,76",,"1,06",,,,,
RUP_975_ACC_13,1 & 2 & 3,1,12:00:00,14.0,,,,,1.02,,,,,,,
RUP_1025_DEC_15,3 & 4,2,15:30:00,20.0,,,,,"0,81",1,,,,,,
RUP_1050_ACC_05,1 & 2,1,22:40:00,14.0,,,,,0.75,,0.91,,1.03,,,
RUP_1025_RMP_16,1 & 2,1,16:35:00,27.0,,,,,0.84,1,,,,,,
RUP_1050_ACC_05,4,2,22:45:00,12.0,,,,,0.95,,,,,,,
RUP_975_MBAY_02,1 & 2 & 3 & 4,1,09:30:00,23.0,,,,,,,1.04,,,,,
RUP_975_INC_30,1_6,1,20:30:00,16.0,,,,,0.98,,,,,,,
RUP_1050_ACC_05,"1,2,3",2,02:20:00,16.0,,,0.2,,0.78,0.99,,,,,,
RUP_1050_ACC_05,4 & 5,3,17:00:00,17.0,,,,,1,,,,,,,
RUP_1025_DEC_16,1_5,1,21:20:00,16.0,,,,,0.75,0.99,,,,,,
RUP_975_INC_31,1_3,2,03:50:00,16.0,,,,0.8,,1,,,,,,
RUP_975_MBAY_03,1 & 2 & 3 & 4,1,16:15:00,21.0,,,,,1,,,,,,,
RUP_1050_ACC_06,1&2,1,18:45:00,16.0,,,,,1,,,,,,,
RUP_975_INC_32,1 & 2 & 3 & 4,1,02:00:00,17.0,,,,,,1.01,,,,,,
RUP_1025_DEC_17,1&2,1,16:20:00,23.0,,,,,0.93,,1.01,,,,,
RUP_975_INC_33,1 & 2 & 3 ,1,04:00:00,14.0,,,,,,"1,01",,,,,,
RUP_1025_DEC_17,3 & 4 & 5,2,16:20:00,24.0,,,,,0.94,1.03,,,,,,
RUP_1050_ACC_07,1,1,01:30:00,12.0,,,,,,1.01,,,,,,
RUP_1025_DEC_18,1&2,1,17:30:00,22.0,,,,,,,"1,01",,,,,
RUP_1025_DEC_18,1&2,2,02:00:00,14.0,,,,,1,,,,,,,
RUP_975_INC_SP_01,1 & 2 & 3 & 4,1,21:40:00,17.0,,,,,,1.01,,,,,,
RUP_1025_DEC_19,1 & 2 & 3,1,03:00:00,13.0,,,,,1,,,,,,,
RUP_1050_ACC_07,2 & 3,2,18:00:00,23.0,,,,,,1,,,,,,
RUP_1025_DEC_19,4 & 5 & 6 & 7 & 8,2,01:35:00,12.0,,,,,0.95,1.02,,,,,,
RUP_975_INC_SP_02,3 & 4 & 5 & 6 & 7,1,23:40:00,15.0,,,,,0.88,,,1.0,,,,
RUP_1025_DEC_20,4 & 5 & 6,2,22:15:00,15.0,,,,,,1.02,,,,,,
RUP_975_INC_SP_03,1 & 2 & 4,1,09:30:00,16.0,,,,,1,,,,,,,
RUP_1050_ACC_08(REHAB),1,1,16:00:00,22.0,,,,,"0,94","1,01",,,,,,
RUP_1025_DEC_21,1 & 2,1,21:10:00,12.0,,,,,1.01,,,,,,,
RUP_975_INC_SP_04,1 & 2 & 3,1,05:00:00,11.0,,,,,1,,,,,,,
RUP_1050_ACC_08,2 & 3 & 4,2,10:30:00,12.0,,,,,0.88,1.01,,,,,,
RUP_1025_DEC_21,1 & 2,2,12:30:00,17.0,,,,,,,,,,,,
RUP_985_SP_05,1 & 2 & 3,1,10:15:00,16.0,,,,,1.01,,,,,,,
RUP_975_SP_05,1 & 2 & 3,1,15:00:00,22.0,,,,,0.92,1.01,,,,,,
RUP_1050_ACC_09,1 & 2,1,21:30:00,12.0,,,,,,1.06,,,,,,
RUP_1025_DEC_22,1 & 2,2,23:50:00,12.0,,,,,,1.02,,,,,,
RUP_1050_ACC_09,1 & 2,2,14:45:00,23.0,,,,,0.88,1,,,,,,
RUP_1025_DEC_22,1 & 2,2,17:15:00,23.0,,,,,,,,1.09,,,,
RUP_985_SP_06,1 & 2 & 3,1,04:00:00,14.0,,,,,1.02,,,,,,,
RUP_975_SP_06,1 & 2,1,05:00:00,15.0,,,,,0.99,,,,,,,
RUP_1025_DEC_23,1 & 2 & 3,1,16:50:00,20.0,,,,,1,,,,,,,
RUP_975_INC_35,1 & 2 & 3,1,13:40:00,23.0,,,,,,1.26,,,,,,
RUP_975_SP_07,1 & 2 & 3,1,17:17:00,18.0,,,,,1,,,,,,,
RUP_1040_SMP_02,1 & 2,1,15:30:00,25.0,,,,,,1,,,,,,
RUP_975_INC_36,1 & 2 & 3,1,,20.0,,,,,,1,,,,,,
RUP_975_INC_37,1 & 2 & 3,1,11:20:00,18.0,,,,,1,,,,,,,
RUP_1040_SMP_03,1 & 2,1,17:50:00,18.0,,,,,,1.02,,,,,,
RUP_1025_DEC_25,1 & 2,1,17:20:00,16.0,,,,,,,1.02,,,,,
RUP_1040_SMP_03,3 & 4,2,21:30:00,14.0,,,,,,1.01,,,,,,
RUP_975_INC_38,1 & 2 & 3,1,00:45:00,14.0,,,,,1.01,,,,,,,
RUP_1050_ACC_10,5 & 6,1,22:45:00,13.0,,,,,1,,,,,,,
RUP_1025_DEC_28,1 & 2 & 3,1,02:15:00,11.0,,,,,1.01,,,,,,,
RUP_1050_ACC_11,1 & 2 ,1,03:15:00,11.0,,,,,1,,,,,,,
RUP_1025_DEC_29,1 & 2 & 3,1,02:45:00,13.0,,,,,1.01,,,,,,,
RUP_975_INC_44,1 & 2 & 3,1,21:50:00,14.0,,,,,1.02,,,,,,,
RUP_1050_ACC_12,1 & 2 ,1,02:45:00,13.0,,,,0.89,,1.03,,,,,,
RUP_1025_DEC_30,1 & 2 ,1,09:30:00,12.0,,,,,0.86,,,1.01,,,,
RUP_975_ACC_15,1 & 2 ,1,16:30:00,13.0,,,,,1,,,,,,,
RUP_975_INC_45,1 & 2 ,1,20:45:00,14.0,,,,,1.01,,,,,,,
RUP_975_ACC_15,1,1,22:45:00,14.0,,,,,0.91,,1,,,,,
RUP_975_ACC_15 (+1.3m),1,1,15:00:00,14.0,,,,,1,,,,,,,
RUP_1050_ACC_13,1,1,16:45:00,12.0,,,,,1.01,,,,,,,
RUP_1025_DEC_31,1 & 2 ,2,20:00:00,16.0,,,,,1,,,,,,,
RUP_975_ACC_15,3,3,21:30:00,14.0,,,,,,1.04,,,,,,
RUP_975_INC_46,1 & 2 ,1,01:00:00,13.0,,,,,1.03,,,,,,,
RUP_1025_DEC_32,1 & 2 ,1,23:00:00,14.0,,,,,1,,,,,,,
RUP_975_ACC_16,1,1,01:00:00,13.0,,,,,0.99,,,,,,,
RUP_975_ACC_16,2 & 3,2,05:20:00,13.0,,,,,,,,1.06,,,,
RUP_1074_ACC (Rehab),1 & 2 ,1,15:05:00,18.0,,,,,1,,,,,,,
RUP_1025_DEC_33,1 & 2 & 3,1,18:45:00,18.0,,,,,,1.02,,,,,,
RUP_1050_ACC_14,1 & 2 & 3,1,01:20:00,10.0,,,,,0.84,1.01,,,,,,
RUP_975_INC_47,1 & 2 & 3,1,08:40:00,10.0,,,,,0.83,1,,,,,,
RUP_1025_DEC_34,1 & 2 & 3 & 4,2,11:15:00,14.0,,,,,0.58,,,1.01,,,,
RUP_975_INC_49,1 & 2 ,1,00:40:00,13.0,,,,,1.01,,,,,,,
RUP_975_ACC_18,1 & 2 ,1,02:50:00,13.0,,,,,1,,,,,,,
RUP_1074_ACC_02,1 & 2 & 3,1,16:40:00,20.0,,,,,1.03,,,,,,,
RUP_975_ACC_18,1 & 2 ,2,20:30:00,13.0,,,,,,,1.02,,,,,
RUP_1050_ACC_16,1 & 2 ,1,00:45:00,12.0,,,,,,1,,,,,,
RUP_975_INC_50,1 & 2 & 3,1,03:45:00,12.0,,,,,1.01,,,,,,,
RUP_975_ACC_19,1 & 2 ,1,18:00:00,11.0,,,,,0.85,,1.02,,,,,
RUP_1074_ACC_03,1 & 2 ,1,01:50:00,10.0,,,,,1.01,,,,,,,
RUP_1050_ACC_16,1 & 2 ,1,04:00:00,10.0,,,,,,,,,,,,
RUP_975_ACC_19,1 & 2 ,2,09:20:00,16.0,,,,,1.01,,,,,,,
RUP_1074_ACC_03,3 & 4 & 5,2,13:00:00,22.0,,,,,,,1.05,,,,,
RUP_975_INC_51,1 & 2 ,1,18:00:00,15.0,,,,,,1.01,,,,,,
RUP_975_ACC_19,5,2,20:30:00,15.0,,,,,,1.02,,,,,,
RUP_1074_ACC_04,1 & 2 ,1,22:00:00,14.0,,,,,0.86,,1.01,,,,,
RUP_1074_ACC_04,1 & 2 & 3 & 4 & 5 & 6,1,21:35:00,15.0,,,,,1.01,,,,,,,
RUP_1074_ACC_05,1 & 2 & 3,1,17:15:00,17.0,,,,,,,,,1.09,,,
RUP_975_ACC_20,1 & 2 & 3 & 4,1,00:35:00,14.0,,,,,1.01,,,,,,,
RUP_1025_DEC_38,1 & 2 & 3,1,21:50:00,14.0,,,,,1,,,,,,,
RUP_1050_FWS_01 + 1050 ACC,1 & 2 & 3 & 4 & 5 ,1,00:15:00,13.0,,,,,1,,,,,,,
RUP_975_ACC_21,1 & 2 ,1,03:45:00,10.0,,,,,1,,,,,,,
RUP_975_ACC_21,1 & 2 & 3 & 4,2,02:10:00,5.0,,,,,1,,,,,,,
RUP_1025_DEC_39,1 & 2 & 3,3,11:30:00,3.0,,,,,1.01,,,,,,,
RUP_1074_ACC_06,1 & 2 ,1,15:00:00,4.0,,,,,,1.02,,,,,,
RUP_1074_ACC_06,3 & 4,2,01:10:00,1.0,,,,,1.03,,,,,,,
RUP_1074_ACC_07,1 & 2 & 3,1,15:30:00,2.0,,,,,1.02,,,,,,,
RUP_1074_ACC_07, 3 & 4 & 5,2,23:50:00,2.0,,,,,,,1.04,,,,,
RUP_975_ACC_22,1 & 2 ,2,16:00:00,1.0,,,,,1.01,,,,,,,
RUP_1074_ACC_08,,1,,,,,,,,,,,,,,
RUP_1050_FWS_02,1 & 2 & 3,1,20:30:00,10.0,,,,,1,,,,,,,
RUP_975_ACC_23,1 & 2 ,1,00:50:00,9.0,,,,,,,,,1.13,,,
RUP_1074_ACC_09,1 & 2 ,1,05:00:00,11.0,,,,,,,,,,,,"1,06"
RUP_975_ACC_23,1 & 2 ,2,16:45:00,20.0,,,,,1,,,,,,,
RUP_1025_DEC_40,1 & 2 & 3,1,06:30:00,15.0,,,,,,,,,,,1.07,
RUP_1074_ACC_10,1 & 2 ,1,13:50:00,20.0,,,,,1,,,,,,,
RUP_975_ACC_24,1 & 2 ,1,12:20:00,16.0,,,,,0.78,,1,,,,,
RUP_1074_ACC_11,1 & 2 & 3,1,16:30:00,19.0,,,,,1.01,,,,,,,
RUP_975_ACC_24,1 & 2 & 3 & 4,2,12:10:00,14.0,,,,,,1.01,,,,,,
RUP_1074_ACC_12,1 & 2 & 3,1,01:15:00,12.0,,,,,,0.64,0.68,,0.73,0.78,,
RUP_1074_ACC_12,1 & 2 & 3,2,13:00:00,10.0,,,,,1,,,,,,,
RUP_975_ACC_25,1 & 2 ,1,16:35:00,18.0,,,,,,,,,1,,,
RUP_975_ACC_25,3 & 4,2,00:30:00,8.0,,,,,,1.02,,,,,,
RUP_1025_DEC_43,1 & 2 & 3,1,09:30:00,8.0,,,,,0.95,1.02,,,,,,
RUP_1074_ACC_13,1 & 2 & 3,1,16:30:00,8.0,,,,,,,,,1,,,
RUP_1025_DEC_43,4 & 5,2,21:45:00,13.0,,,,,0.73,,0.84,,1,,,
RUP_1074_ACC_13,4 & 5,2,02:00:00,12.0,,,,,,1.02,,,,,,
RUP_975_ACC_26,1 & 2,1,10:30:00,21.0,,,,,,1.02,,,,,,
RUP_1074_ACC_14,1 & 2,1,16:30:00,19.0,,,,,,1,,,,,,
RUP_1074_ACC_15,1 & 2,1,16:30:00,7.0,,,,,,,1.01,,,,,
RUP_1025_DEC_44,1 & 2,1,,,,,,,,,,,,,,
RUP_1074_ACC_15,1 & 2 & 3,1,18:00:00,13.0,,,,,,,1.05,,,,,
RUP_975_ACC_26,1 & 2,2,22:00:00,11.0,,,,,1.02,,,,,,,
RUP_1074_ACC_15,1 & 2 & 3 & 4,2,03:00:00,8.0,,,,,1.03,,,,,,,
RUP_1074_ACC_17 ,1 & 2 & 3,1,02:35:00,8.0,,,,,1.01,,,,,,,
RUP_975_ACC_27,1 & 2 & 3,2,23:59:00,13.0,,,,,,,,,1.06,,,
RUP_1074_ACC_17 (ARCHA)+REHAB,,1,23:40:00,8.0,,,,,1.02,,,,,,,
RUP_1074_ACC_18,3 & 4 & 5 & 6,2,21:50:00,9.0,,,,,0.72,,0.77,,0.83,,,
RUP_1074_ACC_18,7,2,02:30:00,8.0,,,,,,1.04,,,,,,
RUP_975_ACC_27,1 & 2,1,,,,,,,,,,,,,,
RUP_1074_ACC_19,1 & 2,1,01:30:00,12.0,,,,,,0.92,1,,,,,
RUP_1074_ACC_19,1 & 2 & 3,2,,,,,,,,,,,,,,
RUP_975_ACC_27,3 & 4 & 5,2,22:00:00,12.0,,,,,,,,1.0,,,,
RUP_975_ACC_27,6,2,03:00:00,9.0,,,,,,,,,,1.0,,
RUP_1074_ACC_20,1 & 2,1,05:30:00,11.0,,,,,,,,1.01,,,,
RUP_1074_ACC_20,3 & 4 & 5,2,16:45:00,10.0,,,,,,1.03,,,,,,
RUP_975_ACC_28,1 & 2,1,02:00:00,6.0,,,,,,,1.03,,,,,
RUP_1074_ACC_20,1 & 2,1,08:20:00,12.0,,,,,1,,,,,,,
RUP_1074_ACC_21,1&2,1,21:30:00,11.0,,,,,,1,,,,,,
RUP_1074_ACC_22,1 & 2 & 3,1,22:40:00,3.0,,,,,,1,,,,,,
RUP_1074_ACC_23,1 & 2,1,12:20:00,7.0,,,,,,1.08,,,,,,
RUP_1074_ACC_24,1 & 2 & 3,1,03:00:00,8.0,,,,,1,,,,,,,
RUP_975_ACC_29,4 & 5,2,14:20:00,9.0,,,,,,1,,,,,,
RUP_1074_ACC (SI-GTC-176),1 & 2 & 3,2,00:00:00,8.0,,,,,,,,,,,,
RUP_1074_ACC_25,4 & 5,2,00:00:00,7.0,,,,,1.01,,,,,,,
RUP_975_ACC_29,1 & 2,1,02:00:00,7.0,,,,,,0.87,,,1.02,,,
RUP_1074_ACC_26,1 2 3 ,1,14:10:00,3.0,,,,,,1,,,,,,
RUP_1074_ACC_26,1 & 2,2,00:05:00,6.0,,,,,0.75,0.83,1,,,,,
RUP_1074_ACC_27,1 & 2 & 3,1,14:00:00,7.0,,,,,1,,,,,,,
RUP_1074_ACC_29(NCR-GTC-176),1 & 2,1,22:40:00,12.0,,,,,,0.81,1,,,,,
RUP_1000_INC_07,1 & 2 & 3,1,00:10:00,-3.0,,,,,,1,,,,,,
RUP_975_ACC_31,1 & 2 & 3,1,04:00:00,-3.0,,,,,,,1.03,,,,,
RUP_1000_INC_08,1 & 2 & 3,1,21:00:00,-3.0,,,,,,,1.03,,,,,
RUP_1000_INC_09,1 & 2,1,17:00:00,1.0,,,,,,,,,1.02,,,
RUP_1000_INC_10,1 & 2,1,16:00:00,1.0,,,,,,1.01,,,,,,
RUP_1025_DEC_43,1 to 7,1,03:30:00,1.0,,,,,,,0.8,,1,,,
RUP_1025_DEC_45,1 & 2 & 3,1,22:40:00,1.0,,,,,,1,,,,,,
RUP_1025_DEC_45,1 & 2 & 3 & 4 & 5 & 6 & 7 & 8,2,23:15:00,10.0,,,,,1,,,,,,,
RUP_970_SMP_02,1 & 2 & 3,1,01:10:00,12.0,,,,,1,,,,,,,
RUP_1025_DEC_46,1_3,1,06:00:00,12.0,,,,,,,1,,,,,
RUP_970_SMP_03,1 & 2 & 3,1,23:20:00,5.0,,,,,1.01,,,,,,,
RUP_1025_DEC_46,1 & 2 & 3 & 4 & 5 ,2,03:40:00,2.0,,,,,1,,,,,,,
RUP_1025_DEC_47,1 & 2 & 3 & 4  ,1,13:30:00,-3.0,,,,,,,1.06,,,,,
RUP_1025_DEC_48,1 & 2 & 3,1,04:00:00,-5.0,,,,,,1.02,,,,,,
RUP_1025_DEC_49,1 & 2,2,06:00:00,-2.0,,,,,,,0.79,,,1.04,,
RUP_1025_DEC_50,1 & 2 & 3,1,23:30:00,-6.0,,,,,,,1,,,,,
RUP_1025_DEC_50,1 & 2 & 3,1,04:00:00,-6.0,,,,,,1,,,,,,
RUP_1049_ACC_01,1 & 2,1,01:20:00,-4.0,,,,,,,,1.0,,,,
RUP_1025_DEC_50,1 & 2,2,03:00:00,-4.0,,,,,,,1,,,,,
RUP_1000_ACC_05,1 & 2,2,12:00:00,0.0,,,,,,1,,,,,,
RUP_1074_ACC_30,1 & 2 & 3,1,09:20:00,-2.0,,,,,,1,,,,,,
RUP_1074_ACC_31,1 & 2,1,11:45:00,3.0,,,,,1.02,,,,,,,
RUP_1049_ACC_01,5 & 6,2,15:00:00,2.0,,,,,,,,,,,,
RUP_1049_ACC_02,1 to 4,2,15:10:00,-3.0,,,,,0.4,,,,,,,
RUP_1049_ACC_02,1 & 2 & 3 & 4  ,2,16:10:00,-3.0,,,,,0.41,,,,,,,1.01
RUP_1049_ACC_02,5,2,23:30:00,-1.0,,,,,1,,,,,,,
RUP_1049_ACC_03,1 & 2,1,15:00:00,2.0,,,,,0.92,,1.01,,,,,
RUP_1035_STP_02,1 & 2,2,17:30:00,-1.0,,,,,,,1.02,,,,,
RUP_1000_ACC_06,1&2&3,1,22:30:00,-2.0,,,,,0.8,,,1.03,,,,
RUP_1000_ACC_06,4&5&6,2,05:30:00,-3.0,,,,,,,1,,,,,
RUP_1035_STP_03,1 & 2,1,18:00:00,6.0,,,,,,1.01,,,,,,
RUP_1035_STP_03,3&4,2,03:45:00,4.0,,,,,0.7,,,,,,,
950 DEC SI-GTC-226 (Rehab),,,,,,,,,,,,,,,,
RUP_1074_SP_01,1&2,1,02:30:00,2.0,,,,,,,0.87,0.94,0.99,,,
RUP_1035_STP_04,1,1,11:10:00,1.0,,,,,,,1.01,,,,,
RUP_975_FWN_01,1 & 2,1,13:30:00,12.0,,,,,,1,,,,,,
RUP_975_FWN_01,3 & 4,2,21:00:00,2.0,,,,,0.52,,1.01,,,,,
RUP_1074_SP_02,1 & 2,2,12:45:00,11.0,,,,,,0.9,1,,,,,
RUP_950_REHAB (SI-GTC-226),4&5&6,2,13:30:00,5.0,,,,,0.84,,1,,,,,
RUP_975_FWN_03 (new),1 & 2,2,13:15:00,3.0,,,,,0.82,,,1.01,,,,
RUP_975_FWN_04 (new),1&2&3,1,03:00:00,1.0,,,,,0.83,,1.01,,,,,
RUP_1049_ACC_04,2 & 3,1,13:30:00,2.0,,,,,0.85,,1.02,,,,,
RUP_1049_ACC_05,1 & 2,1,22:10:00,3.0,,,,,0.62,,,,1,,,
RUP_950_REHAB (SI-GTC-226),12 and 13,1,10:30:00,6.0,,,,,,,1,,,,,
RUP_975_FWN_07 (new),4&5&6,2,15:00:00,6.0,,,,,,0.73,,,,,,1.09
RUP_1049_ACC_05,1&2&3,2,21:15:00,6.0,,,,,,1.02,,,,,,
RUP_1035_STP_05,1&2,2,17:00:00,8.0,,,,,,,,,1.01,,,
RUP_1049_ACC_06,1,1,10:00:00,2.0,,,,,,,1,,,,,
RUP_975_FWN_07 (new) ,1&2,1,03:50:00,1.0,,,,,0.77,,,,,,,
RUP_975_FWN_07,1&2,2,15:30:00,3.0,,,,,,,,,0.85,1.0,,
RUP_1035_STP_06,1&2,1,04:45:00,9.0,,,,,,,1,,,,,
975_ACC (Rehab SI-GTC-240),4&5&6&7&8,1,14:00:00,7.0,,,,,0.79,,,,1.01,,,
RUP_1049_ACC_07,1&2,1,04:45:00,9.0,,,,,0.55,,,,,,,
RUP_1074_SP_03,1&2,1,14:30:00,3.0,,,,,,,0.6,,0.73,,,1
RUP_950_DEC_09,1&2,1,17:05:00,3.0,,,,,,,,0.67,,0.99,,
RUP_1035_STP_07,1&2,1,01:00:00,-1.0,,,,,0.43,,,,0.52,0.82,1.0,
RUP_975_FWN_08,1&2,1,05:20:00,-1.0,,,,,,,,,,,,1
RUP_950_DEC_09,1&2,2,16:15:00,-6.0,,,,,,,0.84,,,1.04,,
RUP_975_FWN_08,1&2&3,2,01:10:00,-4.0,,,,,1,,,,,,,
RUP_1000_INC_34,1&2&3,1,05:20:00,-4.0,,,,,,,,,,0.68,,1
RUP_975_FWN_08,1,1,21:15:00,-6.0,,,,,0.88,0.94,1,,,,,
RUP_1050_ACC(SI-GTC-246),1&2&3,2,02:20:00,-6.0,,,,,0.7,,0.85,,1.02,,,
RUP_950_DEC_10,1 & 2,1,09:30:00,-6.0,,,,,,,0.77,0.89,,1.01,,
RUP_975_FWN_09,1,1,11:05:00,-5.0,,,,,,1.11,,,,,,
RUP_1074_STP_03,1 & 2,2,13:55:00,-5.0,,,,,,,0.98,,,,,
RUP_950_DEC_10,1 & 2,2,21:30:00,-6.0,,,,,,0.77,,1.02,,,,
RUP_975_FWN_09,1 & 2,2,01:45:00,-6.0,,,,,1.06,,,,,,,
RUP_1049_ACC_07,1 & 2,2,06:20:00,-9.0,,,,,,,0.63,,,0.8,,0.87
RUP_1035_STP_07,1 & 2,2,13:30:00,-7.0,,,,,,1.01,,,,,,
RUP_950_DEC_11,1 & 2,1,16:35:00,-5.0,,,,,,,,0.9,1.05,,,
RUP_950_DEC_11,3,2,01:10:00,-6.0,,,,,,,,1.04,,,,
RUP_1074_STP_04,1 & 2,1,04:45:00,-6.0,,,,,,,,,,1.0,,
RUP_1075_RAD_01(REHAB),1,1,10:30:00,-7.0,,,,,0.84,,1,,,,,
RUP_1035_STP_08,1 & 2,1,16:00:00,-7.0,,,,,0.91,1,,,,,,
RUP_950_DEC_12,1 & 2,1,13:30:00,-7.0,,,,,,,,1.02,,,,
RUP_975_FWN_10,1 & 2,1,00:30:00,-6.0,,,,,,1.01,,,,,,
RUP_950_DEC_12,3 & 4,2,03:00:00,-7.0,,,,,,,,1.0,,,,
RUP_975_FWN_10,3 & 4,2,09:30:00,-7.0,,,,,1,,,,,,,
RUP_1049_ACC_08,1 & 2,1,12:00:00,0.0,,,,,1,,,,,,,
RUP_1035_STP_08,1,2,13:00:00,0.0,,,,,1.01,,,,,,,
RUP_950_DEC_13,1 & 2,1,02:15:00,-3.0,,,,,,,0.66,,,0.79,,
RUP_1049_ACC_08,3 & 4,2,04:45:00,-3.0,,,,,,,,,,,,
RUP_1035_STP_09,1 & 2,1,02:15:00,0.0,,,,,,1.01,,,,,,
RUP_950_DEC_13,1 to 4,1,09:00:00,,,,,,,,1,,,,,
RUP_975_FWN_11,"1,2 & 3",1,15:00:00,-1.0,,,,,,,0.65,,,1.03,,
RUP_1035_STP_09,1 & 2,2,17:00:00,-4.0,,,,,,,,,1.05,,,
RUP_1074_STP_05,1 & 2,1,23:40:00,-1.0,,,,,,1.03,,,,,,
RUP_950_DEC_14,1 & 2,1,04:30:00,1.0,,,,,,0.7,,,,1.0,,
RUP_1074_STP_05,1 & 2 & 3,2,20:50:00,5.0,,,,,,,0.75,,1.05,,,
RUP_950_DEC_14,1 & 2 & 3,2,00:20:00,6.0,,,,,1,,,,,,,
RUP_1035_STP_10,1 & 2,1,05:25:00,5.0,,,,,,,,,,,,
RUP_975_FWN_12,1 & 2,1,01:30:00,7.0,,,,,0.64,,0.96,,,,,
RUP_1035_STP_10,1 & 2,2,16:20:00,-2.0,,,,,0.99,,,,,,,
RUP_1049_ACC_10,1 & 2 & 3,1,21:15:00,-1.0,,,,,,,,,0.72,,1.0,
RUP_975_FWN_12,1 & 2 & 3,2,04:35:00,-2.0,,,,,0.62,,,,,,,
RUP_950_DEC_15,1 & 2,1,21:00:00,-8.0,,,,,1,,,,,,,
RUP_1049_ACC_10,1 & 2 & 3,2,01:40:00,-11.0,,,,,,,1.01,,,,,
RUP_1074_STP_07,1 & 2,1,17:30:00,-7.0,,,,,,,1,,,,,
RUP_1025_DEC_51(SI-GTC-262),1 & 2 & 3,1,23:30:00,-7.0,,,,,,,1.01,,,,,
RUP_1049_ACC_11,1,1,01:55:00,-6.0,,,,,1,,,,,,,
RUP_1074_STP_08,1 & 2,1,02:30:00,-6.0,,,,0.64,,1.01,,,,,,
RUP_975_FWN_13,1,2,21:30:00,-3.0,,,,,1,,,,,,,
RUP_950_DEC_17,1 & 2,1,12:15:00,4.0,,,,,0.98,,,,,,,
RUP_950_DEC_17,3 & 4,2,00:00:00,-2.0,,,,,1.01,,,,,,,
RUP_1049_ACC_12,1 & 2,1,03:10:00,-2.0,,,,,1.02,,,,,,,
RUP_1049_ACC_12,1 & 2,2,12:50:00,,,,,,0.8,,0.98,,,,,
RUP_975_FWN_14,1 & 2,1,15:05:00,,,,,,,0.92,,,,,,
RUP_1074_ACC_37,1 & 2,1,17:40:00,,,,,,,1.03,,,,,,
RUP_1074_STP(BENCH),1,1,22:25:00,-7.0,,,,,1.01,,,,,,,
RUP_975_FWN_14,3,2,04:30:00,,,,,,,,,,,0.85,,0.9
RUP_975_FWN_14,4 & 5 ,2,14:50:00,4.0,,,,,,,0.68,,,,,1
RUP_1049_ACC_12,5,1,23:05:00,-1.0,,,,,0.83,1.01,,,,,,
RUP_1074_ACC_38,1,1,18:05:00,4.0,,,,,,1.03,,,,,,
RUP_950_DEC_18,1 & 2,1,04:10:00,-1.0,,,,,0.27,,,,,,,1
RUP_1049_ACC_12,3 & 4,2,05:30:00,-1.0,,,,,,,,,0.99,,,
RUP_950_DEC_18,3,1,10:50:00,5.0,,,,,0.88,,1.01,,,,,
RUP_950_DEC_18,4 & 5,2,03:00:00,-2.0,,,,,0.75,1.03,,,,,,
RUP_1074_ACC_39,1 & 2 & 3,1,22:05:00,-2.0,,,,,1.03,,,,,,,
RUP_1049_ACC_13,1 & 2,1,13:00:00,2.0,,,,,0.82,,1,,,,,
RUP_1074_ACC_40,1 & 2,1,15:30:00,2.0,,,,,,1,,,,,,
RUP_1049_ACC_13,3 & 4,2,22:30:00,-4.0,,,,,0.89,,1,,,,,
RUP_1049_ACC_13,6,2,13:30:00,5.0,,,,,1,,,,,,,
RUP_950_DEC_19,1 & 2,1,21:00:00,-3.0,,,,,0.82,,1,,,,,
RUP_1074_ACC_41,1 & 2,1,03:00:00,-3.0,,,,,0.78,,0.89,,,,,1.06
RUP_950_DEC_19,3 & 4,2,09:30:00,-4.0,,,,,,1,,,,,,
RUP_1000_INC_40,1 & 2 & 3,1,13:50:00,4.0,,,,,0.54,,1.01,,,,,
RUP_1000_INC_40,4 & 5,2,00:20:00,-2.0,,,,,,,,,,,,
RUP_1074_ACC_42,1 & 2 & 3,1,05:00:00,-3.0,,,,,0.82,,,1.02,,,,
RUP_950_DEC_20,1 & 2 & 3 & 4  ,1,09:30:00,-3.0,,,,,0.78,,1.01,,,,,
RUP_1049_ACC_14,1,1,13:00:00,7.0,,,,,0.73,,1.03,,,,,
RUP_975_FWN_15,1,2,18:00:00,5.0,,,,,,0.84,,1.01,,,,
RUP_950_DEC_20,5 & 6,2,00:00:00,-1.0,,,,,0.87,,1.01,,,,,
RUP_1049_ACC_14,2 & 3,1,03:00:00,-2.0,,,,,0.94,1,,,,,,
RUP_1000_INC_41,1 & 2,1,02:45:00,0.0,,,,,,0.71,,0.79,,,,
RUP_975_FWN_16,1 & 2,1,03:45:00,0.0,,,,,,,,,,,,
RUP_950_DEC_21,1 & 2,1,02:00:00,1.0,,,,,0.46,,,0.55,,,,
RUP_1075_HWD_01,1 & 2,1,05:15:00,-1.0,,,,,,,,,,,,
RUP_950_DEC_21,1 & 2,1,02:00:00,,,,Never cured,,,,,,,,,
RUP_1074_SMP_04 ,1 & 2,1,09:30:00,,,,,,0.7,,0.96,,,,,
RUP_1025_DEC_52,1 & 2,1,14:30:00,,,,,,,0.9,,,,,,
RUP_950_DEC_21,1 & 2 & 3,2,17:30:00,2.0,,,,,,,0.6,,,0.78,,1
RUP_1025_DEC_52,3 & 4,2,01:50:00,-4.0,,,,,0.6,,0.76,,0.92,1.0,,
RUP_950_DEC_22,1 & 2,1,17:30:00,3.0,,,,,,,,,0.75,,0.93,1.04
RUP_1000_INC_42,1 & 2,1,02:45:00,2.0,,,,,0.96,,1,,,,,
RUP_975_FWN_15,3,2,04:20:00,2.0,,,,,0.63,,,,,,,
RUP_1049_ACC_15,4 & 5,2,09:00:00,1.0,,,,,0.7,,0.83,,0.95,1.0,,
RUP_1025_DEC_54,1 & 2,1,15:00:00,3.0,,,,,0.8,,0.89,,,1.01,,
RUP_1000_INC_42,4 & 5,2,21:30:00,1.0,,,,,0.62,,1.02,,,,,
RUP_1050_ACC_REHAB,1 & 2,1,03:00:00,0.0,,,,,0.38,,0.64,,1,,,
RUP_1075_HWD_(SI-GTC-287),1 & 2,1,09:30:00,2.0,,,,,0.48,,0.52,,0.69,0.63,,0.67
RUP_975_FWN_16,1,1,21:00:00,2.0,,,,,0.57,,1,,,,,
RUP_1049_ACC_16,3 & 4  ,2,23:00:00,3.0,,,,,,1,,,,,,
RUP_1075_HWD_04,1 & 2 & 3,1,02:00:00,3.0,,,,,0.55,,0.73,,1,,,
RUP_975_FWN_16,3 & 4  ,2,13:00:00,4.0,,,,,0.85,,,1.0,,,,
RUP_1049_ACC_17,1 & 2 & 3,1,15:00:00,4.0,,,,,,0.83,,,1.01,,,
RUP_975_FWN_16,3,2,23:00:00,4.0,,,,,1,,,,,,,
RUP_1049_ACC_17,4 & 5,2,02:30:00,4.0,,,,,0.72,,1.01,,,,,
RUP_1025_DEC_54,4,2,09:00:00,2.0,,,,,,,,,,1.0,,
RUP_975_FWN_17,1 & 2,1,23:30:00,6.0,,,,,0.74,0.99,,,,,,
RUP_100_INC_43,3,2,01:40:00,6.0,,,,,,,,,,,,
RUP_1049_ACC_18,1 &2,1,22:44:00,2.0,,,,,0.74,1.05,,,,,,
RUP_975_FWN_17,3 & 4,2,,,,,,,,,,,,,,
RUP_1049_ACC_18,3 & 4 & 5,2,,,,,,,,,,,,,,
RUP_975_FWN_17,3 to 6,2,15:10:00,4.0,,,,,,,0.79,0.99,,,,
RUP_1049_ACC_18,1 to 3 ,2,10:00:00,4.0,,,,,,,0.98,,,,,
RUP_1050_ACC_19,1,1,05:15:00,4.0,,,,,,,,,,,,
RUP_1074_ACC,1 & 2 & 3,1,01:15:00,4.0,,,,,,,1,,,,,
RUP_1050_ACC_19,2&3,2,06:00:00,2.0,,,,,,,1.06,,,,,
RUP_1050_ACC_20,1 &2,2,06:10:00,2.0,,,,,,,,0.54,,,0.99,
RUP_1075_HWS_11,1 & 2 & 3,1,23:20:00,2.0,,,,,,0-91,,1.03,,,,
RUP_975_FWN_19,1 and 2 ,1,09:10:00,6.0,,,,,,1,,,,,,
RUP_975_FWN_19,1 to 3 ,2,,,,,,,,1,,,,,,
RUP_1049_ACC_21,1 to 3 ,1,11:10:00,,,,,,,0.85,1,,,,,
RUP_1049_ACC_21,1 & 2 & 3,2,21:30:00,2.0,,,,,,,,,1.1,,,
RUP_975_FWN_20,1 & 2,1,00:30:00,1.0,,,,,,,,,0.68,,0.79,
RUP_1075_HWS_13,1 & 2 & 3,1,05:00:00,0.0,,,,,,,,,,,,
RUP_975_FWN_20,1 & 2 & 3,1,00:30:00,0.0,,,,,,,,,0.68,,0.79,1
RUP_975_FWN_20,1 & 2 & 3,2,20:30:00,1.0,,,,,,,1,,,,,
RUP_1049_ACC_22,1 & 2,1,09:00:00,2.0,,,,,,0..88,,1.0,,,,
RUP_1075_630_XC_16,1 & 2 & 3,1,14:15:00,3.0,,,,,0.83,,,1.01, ,,,
RUP_1049_ACC_22,1 & 2,2,18:00:00,3.0,,,,,,1.01,,,,,,
RUP_975_FWN_21,1 & 2,1,13:00:00,4.0,,,,,,,,,1,,,
RUP_1075_HWS_14,1 & 2 & 3,1,20:45:00,4.0,,,,,1,,,,,,,
RUP_1049_ACC_23,1 & 2,1,01:00:00,8.0,,,,,0.83,1,,,,,,
RUP_975_FWN_21,1 & 2,2,04:00:00,8.0,,,,,0.64,,1.01,,,,,
RUP_1049_ACC_23,3 & 4,2,12:30:00,5.0,,,,,,,1.01,,,,,
RUP_1075_HWS_15,1 & 2 & 3 & 4  ,1,21:00:00,6.0,,,,,,1.01,,,,,,
RUP_975_FWN_22,1 & 2,1,02:00:00,10.0,,,,,,,0.89,1.0,,,,
RUP_975_FWN_22,3 & 4,2,09:15:00,7.0,,,,,,1.01,,,,,,
RUP_1075_630_XC,1 & 2 & 3,1,14:00:00,8.0,,,,,1,,,,,,,
RUP_1049_ACC_24,1 & 2,1,00:30:00,5.0,,,,,1.01,,,,,,,
RUP_1075_630_XC_18,1 to 3 ,1,14:15:00,5.0,,,,,,,0.8,,1.01,,,
RUP_1075_HWS_16,1 & 2 & 3,1,16:15:00,5.0,,,,,,,0.7,,1,,,
RUP_975_HWS_23,1 & 2,1,22:50:00,3.0,,,,,1,,,,,,,
RUP_975_HWS_23,3 & 4,2,05:30:00,4.0,,,,,,,,0.99,,,,
RUP_1049_ACC_25,1 & 2,1,10:05:00,4.0,,,,,0.89,0.99,,,,,,
RUP_1049_ACC_25,3,2,20:50:00,4.0,,,,,1.02,,,,,,,
RUP_1075_HWS_17,1 & 2,1,00:40:00,4.0,,,,,1.02,,,,,,,
RUP_975_FWN_24,3,1,14:50:00,7.0,,,,,0.8,0.99,,,,,,
RUP_975_FWN_24,4 & 5,2,03:00:00,6.0,,,,,1.01,,,,,,,
RUP_1075_630_XC_19,1 & 2,1,22:10:00,6.0,,,,,1.03,,,,,,,
RUP_1049_ACC_26,1 & 2,1,01:00:00,4.0,,,,,1,,,,,,,
RUP_1049_ACC_26,3 & 4,2,06:00:00,7.0,,,,,,,1.04,,,,,
RUP_975_FWN_25,1 & 2 & 3 & 4  ,1,11:00:00,6.0,,,,,0.85,1,,,,,,
RUP_1075_615_XC_01,1 & 2 & 3 & 4  & 5,1,14:00:00,13.0,,,,,,1,,,,,,
RUP_1075_HWS_18,1 & 2,1,15:00:00,13.0,,,,0.83,1.01,,,,,,,
RUP_1049_ACC_27,1 & 2,1,17:40:00,13.0,,,,,,,,,,,,
RUP_975_FWN_25,1 & 2,2,22:10:00,9.0,,,,,1,,,,,,,
RUP_1049_ACC_27,1 & 2,2,02:00:00,8.0,,,,,1.01,,,,,,,
RUP_1075_630_XC_20,1 & 2,1,09:00:00,8.0,,,,,0.82,,1.01,,,,,
RUP_1049_ACC_28,1 & 2,1,02:00:00,9.0,,,,,,1,,,,,,
RUP_1049_ACC_28,3 & 4,2,10:30:00,9.0,,,,,,0.81,,1.01,,,,
RUP_1049_ACC_29,1 & 2,1,01:15:00,4.0,,,,,0.5,,0.57,,0.77,0.93,1.0,
RUP_975_FWN_26,1 & 2,1,16:00:00,10.0,,,,,0.73,,,,,1.0,,
RUP_1049_ACC_29,3 & 4 & 5,2,21:10:00,7.0,,,,,0.8,0.93,1.08,,,,,
RUP_960_STP_05,1 & 2,1,22:50:00,9.0,,,,,,1.01,,,,,,
RUP_975_FWN_26,3 & 4,2,02:50:00,3.0,,,,,0.78,,1.08,,,,,
RUP_1049_ACC_30,1 & 2,1,01:00:00,4.0,,,,,1,,,,,,,
RUP_1049_ACC_30,3 & 4 & 5,2,15:00:00,1.0,,,,,1.01,,,,,,,
RUP_1075_615_XC_04,1 & 2,1,09:00:00,1.0,,,,,,0.98,,,,,,
RUP_975_FWN_26 (REHAB),1,REHAB,00:15:00,-1.0,,,,,1,,,,,,,
RUP_1075_HWS_20,1 & 2,1,12:00:00,10.0,,,,,,,,1.01,,,,
RUP_975_FWN_27,2 & 2,1,14:00:00,10.0,,,,,,,1.01,,,,,
RUP_1049_ACC_31,1 & 2,1,01:40:00,5.0,,,,,1,,,,,,,
RUP_975_FWN_27,3 & 4,2,05:30:00,5.0,,,,,,,,1.0,,,,
RUP_1049_ACC_31,3 & 4,2,11:00:00,8.0,,,,,,,,,1,,,
RUP_960_STP_06,1 & 2,1,17:00:00,7.0,,,,,,,,,1.08,,,
RUP_975_FWN_28,1 & 2 & 3,1,04:00:00,9.0,,,,,1,,,,,,,
RUP_1049_ACC_32,1 & 2,1,09:00:00,9.0,,,,,,1.01,,,,,,
RUP_1075_615_XC_05,1 & 2,1,13:00:00,7.0,,,,,,,1.01,,,,,
RUP_1049_ACC_32,4 & 5,2,16:40:00,9.0,,,,,0.8,,,,1.07,,,
RUP_975_FWN_28,4 & 5 & 6,2,02:00:00,11.0,,,,,,,1.04,,,,,
RUP_1049_ACC_33,1 & 2,1,01:15:00,2.0,,,,,1,,,,,,,
RUP_1049_ACC_33,3 & 4,2,15:15:00,3.0,,,,,0.88,1.07,,,,,,
RUP_975_675_XC,1 & 2,1,23:40:00,2.0,,,,,1.09,,,,,,,
RUP_1049_ACC_34,1 to 3 ,1,14:40:00,5.0,,,,,0.96,,,,,,,
RUP_1049_ACC_34,3 & 4,2,23:20:00,0.0,,,,,1.04,,,,,,,
RUP_975_XCT_01,4,1,16:50:00,6.0,,,,,,1.05,,,,,,
RUP_1049_ACC_35,1 & 2,1,16:30:00,10.0,,,,,,,,,1.01,,,
RUP_1049_ACC_35,3 & 4,2,23:40:00,8.0,,,,,,1,,,,,,
RUP_1075_600_XCT_02,1 & 2,1,02:00:00,7.0,,,,,,1.01,,,,,,
RUP_975_XCT_675_01,1 & 2,1,16:35:00,12.0,,,,,1.01,,,,,,,
RUP_1049_ACC_36,1 & 2,1,03:30:00,7.0,,,,,,1,,,,,,
RUP_1049_ACC_36,3 & 4,2,12:00:00,14.0,,,,,1.01,,,,,,,
RUP_975_XCT_675_02,2 & 3,2,00:30:00,2.0,,,,,0.73,0.75,0.86,0.91,0.99,,,
RUP_975_XCT_675_03,2,2,20:45:00,4.0,,,,,0.63,,0.98,,,,,
RUP_1049_ACC_38,1,1,01:10:00,2.0,,,,,0.93,0.98,,,,,,
RUP_1049_ACC_38,1 and 2 ,2,12:00:00,6.0,,,,,1,,,,,,,
RUP_1049_ACC_39,1 & 2,1,12:00:00,13.0,,,,,1,,,,,,,
RUP_1049_ACC_39,3 & 4,2,17:30:00,7.0,,,,,1,,,,,,,
RUP_1075_600_XCT_04,1,1,01:50:00,5.0,,,,,,,,,,,,
RUP_975_XCT_675_04,1 & 2,1,13:00:00,1.0,,,,,0.86,,,1.01,,,,
RUP_1049_ACC_40,1 & 2,1,05:50:00,0.0,,,,,,,,0.88,1,,,
RUP_1049_ACC_40,3 & 4 & 5,2,13:10:00,1.0,,,,,0.93,1.02,,,,,,
RUP_975_XCT_675_05,3 & 4,2,10:15:00,2.0,,,,,,,,,,,,
RUP_1049_ACC_41,1 & 2,1,00:20:00,7.0,,,,,0.95,1,,,,,,
RUP_1049_ACC_41,3 & 4,2,05:30:00,7.0,,,,,,,,0.92,1,,,
RUP_975_XCT_675_05,5,2,15:00:00,5.0,,,,,1,,,,,,,
RUP_1049_ACC_42,3 & 4,2,23:05:00,9.0,,,,,1.01,,,,,,,
RUP_975_XCT_675_06,1,1,09:10:00,7.0,,,,,,1,,,,,,
RUP_975_XCT_675_06,1 & 2,2,17:30:00,6.0,,,,,,,0.6,,0.74,1.04,,
RUP_1049_ACC_43,1&2,1,03:00:00,6.0,,,,,,1.04,,,,,,
RUP_1049_ACC_43,1&2,2,11:10:00,17.0,,,,,,0.98,,,,,,
RUP_975_XCT_675_06,3,2,15:10:00,14.0,,,,,,0.85,,,,,,
RUP_1049_ACC_44,1,1,,,,,,,1,,,,,,,
RUP_1049_ACC_44,3 & 4,2,09:50:00,20.0,,,,,0.91,1,,,,,,
ZTN-1_01,1 & 2 & 3,1,15:00:00,22.0,,,,0.83,1,,,,,,,
RUP_1075_XCT_585_01,1 & 2 & 3,1,1900-01-17 00:00:00,22.0,,,,,0.99,,,,,,,
RUP_975_XCT_675_07,1,1,01:00:00,8.0,,,,,,1.02,,,,,,
RUP_975_XCT_675_07,2 & 3 & 4,2,00:30:00,7.0,,,,,1,,,,,,,
RUP_1049_ACC_45,1&2,1,15:00:00,15.0,,,,,1,,,,,,,
ZTN-1_02,1&2,1,18:00:00,14.0,,,,,0.91,,1,,,,,
ZTN-1_02,3 & 4,2,00:30:00,8.0,,,,,0.84,,,0.93,1.01,,,
RUP_1049_ACC_45,3 & 4 & 5,2,05:00:00,6.0,,,,,,,,,,1.14,,
RUP_975_XCT_675_08,1 & 2,1,13:10:00,18.0,,,,,1,,,,,,,
RUP_1075_XCT_585_02,1 & 2,1,18:00:00,19.0,,,,,,1,,,,,,
RUP_975_XCT_675_08,3 & 4,2,22:10:00,14.0,,,,,,1.02,,,,,,
ZTN-1_02,,2,12:00:00,16.0,,,,,,1.01,,,,,,
RUP_975_XCT_675_09,,2,,12.0,,,,,,1,,,,,,
RUP_1049_ACC_46,,1,,11.0,,,,,1,,,,,,,
RUP_950_BYP_03,1 & 2,1,12:00:00,14.0,,,,,0.98,,,,,,,
RUP_950_BYP_03,1,2,17:00:00,13.0,,,,,0.94,,,,,,,
RUP_1049_ACC_46,1 & 2,2,21:50:00,11.0,,,,,1.07,,,,,,,
RUP_975_XCT_675_10,1 & 2,1,10:40:00,15.0,,,,,1,,,,,,,
RUP_1049_ACC_47,1 & 2,1,02:30:00,13.0,,,,,,1,,,,,,
RUP_1049_ACC_47,1 & 2,2,14:05:00,17.0,,,,,1.1,,,,,,,
RUP_1049_ACC_48,1&2,1,21:00:00,15.0,,,,,0.96,,1.02,,,,,
RUP_975_XCT_675_12,1,1,23:30:00,10.0,,,,,0.86,1.03,,,,,,
ZTN-1_04,1,2,03:00:00,10.0,,,,,1,,,,,,,
RUP_975_XCT_675_12,1,1,14:30:00,15.0,,,,,,,1.02,,,,,
RUP_1049_ACC_49,1&2,2,16:30:00,15.0,,,,,1,,,,,,,
ZTN-1_04,4,2,18:15:00,10.0,,,,,,,,,,,,
RUP_1049_ACC_49,3 & 4 ,2,00:00:00,9.0,,,,,,,,,,,,
RUP_975_XCT_675_12,4,2,02:30:00,9.0,,,,,,1.04,,,,,,
RUP_1049_ACC_50,1 & 2,1,16:10:00,13.0,,,,,,1.01,,,,,,
RUP_1075_XCT_570_02,1 & 2,1,23:00:00,12.0,,,,,1,,,,,,,
ZTN-1_05,2,2,23:50:00,12.0,,,,0.92,1.03,,,,,,,
RUP_1049_ACC_50,3 & 4 ,2,01:00:00,12.0,,,,,0.99,,,,,,,
RUP_1075_XCT_585_04,1 & 2,1,05:40:00,11.0,,,,,,1.02,,,,,,
RUP_975_XCT_675_14,1 & 2,2,10:50:00,16.0,,,,,,1.02,,,,,,
RUP_1049_ACC_51,1 & 2,2,17:30:00,,,,,,,,,,,,,
RUP_1049_ACC_52,1 & 2,1,13:00:00,14.0,,,,,,1.01,,,,,,
RUP_1049_ACC_53,1 & 2,1,13:00:00,1.0,,,,,1,,,,,,,
ZTN-1_06,1 & 2 & 3,1,20:00:00,0.0,,,,,0.76,,0.87,,,1.01,,
RUP_1049_ACC_53,1 & 2,2,22:45:00,0.0,,,,,,1.01,,,,,,
ZTN-1_07,1,1,16:00:00,10.0,,,,,0.86,1,,,,,,
ZTN-1_07,2,2,02:15:00,0.0,,,,,0.94,,1.01,,,,,
RUP_1049_ACC_53,1 & 2,1,13:10:00,5.0,,,,,0.99,,,,,,,
RUP_1049_ACC_53,3 & 4 ,2,17:30:00,10.0,,,,,,1.01,,,,,,
RUP_975_ACC_REHAB (SI-GTC-343),3 & 4 ,2,00:40:00,6.0,,,,,,,1,,,,,
ZTN-1_07,3 & 4 & 5,2,03:10:00,2.0,,,,,,1.01,,,,,,
RUP_1049_ACC_54,1 & 2,1,11:20:00,10.0,,,,,,1,,,,,,
RUP_1049_ACC_54,3 & 4 ,2,16:00:00,10.0,,,,0.87,1.01,,,,,,,
ZTN-1_08,1,1,23:30:00,3.0,,,,,0.71,,0.8,,0.91,0.98,1.0,
ZTN-1_09,1,1,11:00:00,9.0,,,,,,,,,,1.01,,
RUP_1049_ACC_58,1 & 2,1,14:00:00,10.0,,,,,,1.01,,,,,,
ZTN-1_10,1,1,14:45:00,10.0,,,,,,1.01,,,,,,
RUP_1049_ACC_60,1 & 2,1,16:30:00,10.0,,,,,1,,,,,,,
RUP_950_ACC_15,1 & 2,1,18:30:00,10.0,,,,,,1.03,,,,,,
ZTN-1_10,2,2,23:30:00,7.0,,,,,1,,,,,,,
RUP_1075_600_XCT_09,1 & 2,1,10:30:00,10.0,,,,,0.81,,1.01,,,,,
RUP_1049_ACC_61,1 & 2,1,13:40:00,10.0,,,,,1.01,,,,,,,
ZTN-1_10,1 & 2 & 3 & 4  ,3,03:00:00,3.0,,,,0.93,1.01,,,,,,,
RUP_950_ACC_16,1 & 2,1,06:00:00,3.0,,,,,,1,,,,,,
ZTN-1_11,1 & 2,1,15:15:00,10.0,,,,,1.01,,,,,,,
RUP_1049_ACC_62,1 & 2,1,18:00:00,10.0,,,,,,1.03,,,,,,
ZTN-1_11,1,2,20:30:00,7.0,,,,,0.96,1.01,,,,,,
RUP_950_ACC_17,1 & 2,1,03:00:00,7.0,,,,,1,,,,,,,
ZTN-1_11,1 & 2 & 3 & 4  ,3,14:30:00,12.0,,,,,1.01,,,,,,,
RUP_1049_ACC_63,1 & 2,1,18:00:00,12.0,,,,,,1.05,,,,,,
ZTN-1_12,1,1,00:30:00,11.0,,,,,1.03,,,,,,,
RUP_950_ACC_18,1 & 2,1,05:00:00,12.0,,,,,1.03,,,,,,,
ZTN-1_12,2 & 3 & 4,2,05:35:00,6.0,,,,,,,,,,,,
ZTN-1_13,1 & 2 & 3,1,21:00:00,8.0,,,,,1,,,,,,,
RUP_950_SMP_02,1,1,,,,,,,,,,,,,,
RUP_1050_ESW_02,1 & 2,1,15:20:00,13.0,,,,,,1.01,,,,,,
ZTN-1_14,1,1,17:55:00,13.0,,,,,0.77,,0.85,,0.91,0.97,,1
RUP_950_SMP_02,2 & 3,2,22:00:00,10.0,,,,,0.94,,1,,,,,
RUP_1050_ESW_02,3 & 4 & 5,2,01:00:00,8.0,,,,,1.01,,,,,,,
RUP_975_FWN_REHAB ,1,2,09:10:00,14.0,,,,,1,,,,,,,
ZTN-1_14,1,2,10:30:00,14.0,,,,,1,,,,,,,
RUP_1050_ESW_03,1 & 2,1,16:30:00,17.0,,,,,1.01,,,,,,,
RUP_950_SMP_03,1 & 2,1,17:45:00,17.0,,,,,,1,,,,,,
RUP_950_STP_01,1 & 2,1,21:00:00,12.0,,,,,1.01,,,,,,,
ZTN-1_14,1 & 2 & 3 & 4 & 5  ,2,06:00:00,8.0,,,,,,1.03,,,,,,
RUP_975_FWN_REHAB ,1,1,10:00:00,20.0,,,,,0.99,,,,,,,
RUP_1050_ESW_04,1 & 2,1,22:00:00,10.0,,,,,0.93,,0.97,,1.01,,,
RUP_950_BYP,1 & 2,1,02:45:00,9.0,,,,,,0.92,,,1,,,
ZTN-1_15,1 & 2,1,06:05:00,9.0,,,,,,,1,,,,,
RUP_950_SMP_04,1 & 2,1,21:30:00,17.0,,,,,0.96,,1.01,,,,,
RUP_ACC_1050,1,1,00:30:00,17.0,,,,,,1.01,,,,,,
ZTN-1_15,3 & 4 ,2,06:00:00,18.0,,,,,,,,,,,,
950_BYP_16,"2,3,4,5",2,02:45:00,10.0,,,,,,,,,,,,
ZTN-1_14,1,1,04:30:00,8.0,,,,,,,,,,,,
950_BYP_19,"2,3",2,01:30:00,8.0,,,,,,,,,,,,
RUP_1050_STP_02,"1,2,3",1,04:40:00,8.0,,,,,,,,,,,,
ZTN-1_15,"1,2",2,23:20:00,10.0,,,,,,,1,,,,,
950_BYP_20,1,1,01:40:00,8.0,,,,,,1,,,,,,
RUP_975_XCT_675_15,1,1,06:15:00,10.0,,,,,,1.01,,,,,,
RUP_975_XCT_675_15,1,1,11:00:00,20.0,,,,,,0.54,,,,,,
RUP_975_XCT_675_15,2 & 3,2,16:00:00,19.0,,,,,,,,,,,,1.01
ZTN-1_15,3 & 4 & 5,3,22:00:00,19.0,,,,,1,,,,,,,
Transport drift internal_04,1 & 2,2,01:20:00,9.0,,,,,1,,,,,,,
ZTN-1_16,1,1,10:30:00,14.0,,,,,,1,,,,,,
Transport drift internal_05,1 & 2,1,13:00:00,13.0,,,,,,,1.01,,,,,
ZTN-1_16,3 & 4 ,2,17:00:00,14.0,,,,,0.8,,1.01,,,,,
Transport drift internal_05,3,2,00:30:00,9.0,,,,,1.01,,,,,,,
ZTN-1_16,5 & 6,3,03:40:00,10.0,,,,,1.02,,,,,,,
RUP_1050_STP_03,1 & 2,1,23:00:00,11.0,,,,,0.97,1.01,,,,,,
ZTN-1_17,1,1,04:15:00,11.0,,,,0.92,1,,,,,,,
RUP_975_XCT_675_16,1 & 2,,10:15:00,12.0,,,,,,,1,,,,,
RUP_1075_PFC_01,1 & 2,1,06:00:00,11.0,,,,,,,1.01,,,,,
RUP_1075_HWS_37,1 & 2,1,11:30:00,12.0,,,,,,1,,,,,,
ZTN-1_17,1,2,14:30:00,12.0,,,,,,,,,,,1.0,
RUP_975_XCT_675_16,3,2,17:00:00,12.0,,,,,0.75,,,,1,,,
RUP_1075_HWS_37,1,1,21:15:00,9.0,,,0.88,0.94,1.01,,,,,,,
RUP_950_STP_06,1 & 2,1,02:40:00,9.0,,,,0.92,1,,,,,,,
RUP_950_ACC_21,1 & 2,1,21:45:00,7.0,,,,,1,,,,,,,
ZTN-1_17,2,2,22:00:00,7.0,,,,,0.8,1,,,,,,
ZTN-1_18,"1,2,3",2,17:00:00,16.0,,,,,1,,,,,,,
RUP_975_XCT_675_17,"1,2",1,23:15:00,8.0,,,,,1,,,,,,,
RUP_975_XCT_675_17,"1,2",2,,,,,,,,1,,,,,,
RUP_1000_INC_43,"1,2",2,,,,,,,,1,,,,,,
950_BYP_20,1,1,,,,,,,,1,,,,,,
RUP_1000_INC_43,1,2,10:05:00,25.0,,,,,0.93,1,,,,,,
950_BYP_20,1 & 2 & 3,3,14:00:00,25.0,,,,,0.89,1,,,,,,
RUP_975_XCT_675_18,1 & 2,1,17:00:00,25.0,,,,,,,,,,1.03,,
RUP_975_XCT_675_18,,2,04:30:00,,,,,,,,,,0.87,1.0,,
950_BYP_21,1,1,13:00:00,20.0,,,,,0.95,1,,,,,,
RUP_950_ACC_24,1 & 2,1,17:00:00,22.0,,,,,,,1,,,,,
RUP_1075_PFC_03,1 & 2,1,09:00:00,20.0,,,,,0.99,,,,,,,
RUP_975_XCT_675_19,1,1,13:00:00,24.0,,,,,1,,,,,,,
950_BYP_22,1 & 2,3,15:50:00,24.0,,,,,0.89,1,,,,,,
950_BYP_22,1 & 2 & 3 & 4  & 5  & 6,3,12:50:00,16.0,,,,,0.96,1.01,,,,,,
RUP_1000_INC_44,1,1,15:10:00,18.0,,,,,,,,,,,,
RUP_950_ACC_26,1,1,11:00:00,,,,,,,,0.6,,,,,
RUP_1000_INC_44,"1,2",2,22:40:00,10.0,,,,,,1,,,,,,
TRANSPORT DRIFT EXT,"1,2,3",2,03:00:00,10.0,,,,,,1.02,,,,,,
RUP_950_XCT_630_02,"1,2",1,00:50:00,8.0,,,,,,1.03,,,,,,
RUP_975_XCT_675_21,"1,2",1,02:30:00,6.0,,,,,1,,,,,,,
RUP_1000_INC_44,1,1,21:15:00,8.0,,,,,,1.03,,,,,,
RUP_1050_STP_06,"1,2",1,22:50:00,8.0,,,,,,1.01,,,,,,
TRANSPORT DRIFT EXT,"1,2",1,04:00:00,6.0,,,,,1,,,,,,,
RUP_950_XCT_630_03,,1,02:40:00,,,,,,0.9,,1.02,,,,,
RUP_1000_INC_44,,2,05:30:00,,,,,,,,1.01,,,,,
TRANSPORT DRIFT EXT,1 & 2 & 3 & 4  & 5 ,2,02:30:00,,,,,,1.01,,,,,,,
RUP_950_XCT_630_04,"1,2",1,01:00:00,,,,,,,,1.01,,,,,
RUP_975_XCT_675_23, 3 & 4  & 5 ,2,,14.0,,,,,,,,,,,,
RUP_975_XCT_675_23,3 & 4  & 5  & 6,2,12:30:00,14.0,,,,,0.77,,0.96,,1.01,,,
RUP_1000_INC_45,1 & 2,1,16:15:00,19.0,,,,,0.96,1,,,,,,
RUP_975_XCT_675_24,"1,2",2,15:00:00,20.0,,,,,,,0.92,0.98,,,,
950_BYP_21,1 & 2 & 3,2,23:30:00,18.0,,,,,0.89,,0.95,,1,,,
RUP_975_XCT_675_25,3 & 4,2,04:00:00,15.0,,,,,,1.01,,,,,,
RUP_950_FWN_05,"1,2",1,23:00:00,18.0,,,,,0.87,,1.01,,,,,
RUP_1000_INC_49,"1,2",2,05:20:00,18.0,,,,,,,,,,,,
RUP_950_FWS_02,"1,2",1,22:30:00,14.0,,,,,0.9,1.01,,,,,,
RUP_1000_INC_50,"1,2",1,,10.0,,,,,,,,,,,,
RUP_1000_INC_50,3 & 4 ,2,14:20:00,16.0,,,,,1,,,,,,,
RUP_1050_PFC_05,"1,2",1,21:00:00,11.0,,,,,,1.01,,,,,,
RUP_975_ACC(REHAB),2 & 3  & 4  & 5,1,14:00:00,10.0,,,,,,1,,,,,,
RUP_950_FWS_03,2,1,15:30:00,11.0,,,,,,1.01,,,,,,
RUP_975_ACC(REHAB),"6, 7",2,22:30:00,10.0,,,,,0.59,,1.02,,,,,
RUP_1000_INC,"1,2",1,03:00:00,9.0,,,,,1.01,,,,,,,
RUP_950_FWN_06,1 & 2,1,13:30:00,21.0,,,,,0.92,,0.99,,,,,
RUP_1000_INC_51,1 & 2,2,,21.0,,,,,,1,,,,,,
RUP_950_FWS_04,2 & 3 ,1,12:00:00,26.0,,,,,0.95,1.01,,,,,,
RUP_1050_ACC (REHAB),1 & 2,1,16:20:00,26.0,,,,,,1,,,,,,
RUP_1000_INC_52,"1,2",1,21:30:00,15.0,,,,,0.91,,1.01,,,,,
RUP_1000_INC_52,"3,4",2,12:30:00,20.0,,,,,0.94,1.02,,,,,,
RUP_950_XCT_630_06,"1,2",1,12:30:00,26.0,,,,,,,1.05,,,,,
RUP_950_FWN_07,"1,2",1,15:00:00,32.0,,,,,1.01,,,,,,,
RUP_1050_XCT_570_05,1 & 2,1,10:15:00,33.0,,,,,,,1.01,,,,,
RUP_1050_XCT_585_01,1,1,11:30:00,33.0,,,,,,1,,,,,,
RUP_1000_INC_54,1 & 2,1,,33.0,,,,,,,,,,,,
RUP_1050_XCT_570_06,1 & 2,1,15:30:00,27.0,,,,,,,,,,,,
RUP_1050_XCT_570_07,1 & 2,1,10:30:00,26.0,,,,,0.94,,1,,,,,
RUP_950_FWN_08,1 & 2,1,15:15:00,26.0,,,,,,1.01,,,,,,
RUP_1075_XCT_585_12,1 & 2,1,23:00:00,17.0,,,,,0.63,,1,,,,,
RUP_1000_INC_57,1 & 2 & 3 ,2,00:00:00,19.0,,,,,1,,,,,,,
RUP_1000_INC_58,1 & 2,1,02:00:00,19.0,,,,,0.94,1,,,,,,
RUP_1075_ESW_06,1 & 2,1,20:00:00,22.0,,,,,0.95,1.01,,,,,,
RUP_950_XCT_645_02,1,1,,22.0,,,,,,,,,,,,
RUP_1000_INC_59,1 & 2,1,,23.0,,,,,,,,,,,,
RUP_1000_INC_59,3 & 4 ,2,12:00:00,24.0,,,,,,,1.01,,,,,
RUP_1000_INC_60,1 & 2 & 3 ,1,17:30:00,25.0,,,,,,,,,,,,
RUP_1000_INC,1 & 2  & 3  & 4,1,12:40:00,30.0,,,,,,,1,,,,,
RUP_1050_XCT_600_02,1,1,11:00:00,31.0,,,,,,1,,,,,,
RUP_950_XCT_645_07,1 & 2,1,16:05:00,32.0,,,,,,0.94,1,,,,,
RUP_1050_XCT_570_25,1,1,15:00:00,33.0,,,,,0.6,,1,,,,,
RUP_1050_HWN_23,1 & 2,1,17:30:00,33.0,,,,,,,,,,,,
RUP_1050_HWN_25,1 & 2,1,18:00:00,30.0,,,,,,,1,,,,,
RUP_1050_SN1_570_01,1 & 2,1,10:30:00,27.0,,,,,0.95,1.01,,,,,,
RUP_1025_ACC_05,1,1,11:50:00,24.0,,,,,0.85,1,,,,,,
RUP_950_FWN_12,1 & 2,1,17:20:00,28.0,,,,,,,1.01,,,,,
RUP_1050_XCT_615_01,1,1,14:00:00,30.0,,,,,1,,,,,,,
RUP_950_FWN_13,1,1,1900-01-06 16:00:00,30.0,,,,,1,,,,,,,
RUP_1050_XCT_630_02,1 & 2,1,17:30:00,29.0,,,,,1,,,,,,,
RUP_950_XCT_645_FACE,1,1,09:30:00,28.0,,,,,1,,,,,,,
RUP_950_FWN_13,1,1,11:00:00,28.0,,,,,1.01,,,,,,,
RUP_1025_ACC_07,1,1,13:20:00,28.0,,,,,,1,,,,,,
RUP_1025_ACC_07,1 & 2,2,02:00:00,22.0,,,,,1,,,,,,,
RUP_1050_XCT_630_05,1 & 2,2,10:00:00,29.0,,,,,1,,,,,,,
RUP_950_FWN_17,1,1,21:30:00,24.0,,,,,0.94,1,,,,,,
RUP_1050_HWN_30,1,1,04:00:00,22.0,,,,,1,,,,,,,
RUP_975_ACC_32,1 & 2,2,10:40:00,29.0,,,,,0.88,0.95,1,,,,,
RUP_1050_XCT_630_06,1 & 2,2,14:15:00,31.0,,,,,0.92,1,,,,,,
RUP_975_ACC,1,1,14:15:00,34.0,,,,,0.67,0.88,1,,,,,
RUP_1050_630_07,1 & 2,1,17:00:00,30.0,,,,,,,,,,1.02,,
RUP_950_XCT_675_03,1 & 2,1,15:30:00,32.0,,,,,0.93,,1.02,,,,,
RUP_1025_ACC_09,1,1,22:10:00,29.0,,,,,0.56,,0.77,,,1.0,,
RUP_1050_XCT_600_20,1 & 2,2,22:30:00,20.0,,,,,,1.02,,,,,,
RUP_1025_ACC_10,1 & 2,2,23:30:00,24.0,,,,,,0.9,1,,,,,
RUP_1050_SN1_600/SS1_600,1 & 2,1,12:30:00,24.0,,,,,0.92,,1.01,,,,,
RUP_1050_SN1_600/SS1_600,1 & 2,2,04:00:00,15.0,,,,,,,,,,,,1.04
RUP_950_FWN_20,1,1,18:00:00,25.0,,,,,,,1,,,,,
RUP_950_FWN_21,1,1,14:45:00,27.0,,,,,1,,,,,,,
RUP_950_XCT_675_05,1,1,16:30:00,27.0,,,,,,,,,1,,,
RUP_975_FWN_01,1,1,13:00:00,27.0,,,,,,1,,,,,,
RUP_975_FWS_01,1 & 2,1,14:05:00,27.0,,,,,0.9,,1.01,,,,,
RUP_1025_ACC_10,1 & 2,1,14:30:00,28.0,,,,,,,1,,,,,
RUP_1025_ACC_10,1,2,05:00:00,10.0,,,,,,,,,1,,,
RUP_950_XCT_690_02,1 & 2 & 3,1,04:00:00,12.0,,,,,,1,,,,,,
RUP_975_FWS_05,1,1,01:45:00,12.0,,,,,,0.86,1,,,,,
RUP_975_FWN_05,1,1,10:30:00,13.0,,,,,0.85,,1,,,,,
RUP_950_STP_02,1 & 2,1,23:55:00,13.0,,,,,0.93,1,,,,,,
RUP_950_FWS_04,1,1,02:15:00,9.0,,,,,,,1.01,,,,,
RUP_975_XCT_645_02,1,1,15:00:00,25.0,,,,,,1,,,,,,
RUP_975_FWN,1,1,15:45:00,24.0,,,,,,,1,,,,,
RUP_975_FWN_11,1 & 2,1,10:30:00,24.0,,,,,,,1.01,,,,,
RUP_1025_ACC_09,1,1,13:50:00,24.0,,,,,,,,,,,,
RUP_975_FWS_10,1,1,22:00:00,10.0,,,,,1,,,,,,,
RUP_950_FWN_24,1,1,00:00:00,9.0,,,,,,1.01,,,,,,
RUP_1050_HWN_35,1,1,15:00:00,25.0,,,,,1.01,,,,,,,
RUP_930_STP,1 & 2,1,03:00:00,12.0,,,,,0.92,1.03,,,,,,
RUP_950_FWN_25,1,1,01:30:00,16.0,,,,,0.85,0.93,1.01,,,,,
RUP_950_FWN_25,2,1,00:40:00,15.0,,,,,,1,,,,,,
RUP_950_FWN_26,1,1,05:30:00,15.0,,,,,,,,,,1.0,,
RUP_925_DEC_18,1,1,13:30:00,14.0,,,,,0.94,1,,,,,,
RUP_975_FWS_17,1,1,13:00:00,15.0,,,,,,0.8,0.91,0.98,1,,,
RUP_925_DEC_19,1 & 2,1,04:30:00,7.0,,,,,1,,,,,,,
RUP_950_FWS_07,1,1,00:35:00,8.0,,,,,,,1.01,,,,,
RUP_975_ESW_02,1 & 2,2,00:00:00,9.0,,,,,,0.93,1.03,,,,,
RUP_975_XCT_600_02,1,1,10:30:00,20.0,,,,,,1.01,,,,,,
RUP_950_FWS_07,1,1,14:30:00,20.0,,,,,,1,,,,,,
RUP_925_DEC_22,1,1,10:00:00,19.0,,,,,,,1.01,,,,,
RUP_950_FWS_08,1,2,13:30:00,19.0,,,,,1,,,,,,,
RUP_975_ESW_03,1,1,16:30:00,8.0,,,,,,,1,,,,,
RUP_975_ESW_03,1,2,05:00:00,5.0,,,,,,,,,1.03,,,
RUP_950_FWS_09,1,1,13:40:00,15.0,,,,,,1,,,,,,
RUP_975_XCT_630_19,1,1,12:00:00,15.0,,,,,,1,,,,,,
RUP_925_DEC_24,1,2,23:50:00,14.0,,,,,,,1,,,,,
RUP_925_DEC_24,1,2,22:20:00,1.0,,,,,,,1.02,,,,,
RUP_975_XCT_630_19,1,1,00:30:00,1.0,,,,,1,,,,,,,
RUP_975_XCT_630_19,1,2,04:35:00,10.0,,,,,,,,,,,,
RUP_975_XCT_630_20,1,1,00:00:00,2.0,,,,,1,,,,,,,
RUP_950_FWS_11,1,1,04:00:00,2.0,,,,,1,,,,,,,
RUP_925_DEC_25,1,1,16:30:00,7.0,,,,,,1.02,,,,,,
RUP_975_XCT_630_22,1,1,23:40:00,2.0,,,,,1,,,,,,,
RUP_950_XCT_690_28,1 & 2,1,03:30:00,5.0,,,,,0.8,,,1.0,,,,
RUP_925_DEC_25,1,2,05:30:00,1.0,,,,,,,,1.0,,,,
RUP_975_FWS,1,1,10:15:00,6.0,,,,,,1.01,,,,,,
RUP_925_DEC_27,1,2,01:40:00,6.0,,,,,,1,,,,,,
RUP_925_DEC_28,1,2,05:30:00,6.0,,,,,,,1.03,,,,,
RUP_975_FWS_17,1,1,02:00:00,6.0,,,,,,,0.95,1.01,,,,
RUP_925_DEC_29,1,1,16:40:00,4.0,,,,,,,,,,,,
RUP_950_690_32,1,1,22:22:00,7.0,,,,,,1.03,,,,,,
RUP_950_FWS_13,1,1,01:00:00,5.0,,,,,,1,,,,,,
RUP_975_XCT_675,1 & 2,,,,,,,,,,,,,,,
RUP_975_XCT_676,1,1,08:30:00,2.0,,,,,,,,1.16,,,,
RUP_950_XCT_615_03,1,1,17:30:00,7.0,,,,,,,,1.04,,,,
RUP_975_XCT_675_31,1,1,22:30:00,7.0,,,,,,,1.02,,,,,
RUP_975_FWS_19,1,1,01:10:00,8.0,,,,,1,,,,,,,
RUP_950_XCT_705_03,1,1,03:20:00,8.0,,,,,1,,,,,,,
RUP_925_DEC_32,1,1,15:30:00,9.0,,,,,,0.94,1.01,,,,,
RUP_975_XCT_675_32,1,1,12:22:00,11.0,,,,,,1.02,,,,,,
RUP_975_XCT_675_31,1,1,11:00:00,10.0,,,,,1,,,,,,,
RUP_975_XCT_675_31,1,2,02:15:00,-6.0,,,,,,1,,,,,,
RUP_950_XCT_615_04,1,1,12:00:00,-5.0,,,,,,1.01,,,,,,
RUP_975_XCT_585_01,1,1,10:30:00,-7.0,,,,,1,,,,,,,
RUP_975_XCT_675_32,1,1,13:10:00,-4.0,,,,,,,1,,,,,
RUP_0975_XCT_585_01,1,1,14:45:00,-4.0,,,,,,1,,,,,,
RUP_1025_ACC_17,1,1,18:00:00,6.0,,,,,,,1,,,,,
RUP_950_FWN_28,1,1,11:00:00,10.0,,,,,,,,1.0,,,,
RUP_975_XCT_615_08,1 & 2,1,13:00:00,3.0,,,,,,0.84,,1.01,,,,
RUP_950_XCT_615_08,1 & 2,1,13:10:00,1.0,,,,,,,1,,,,,
RUP_1025_ACC_14,1 & 2,1,01:30:00,-1.0,,,,,,,1.01,,,,,
RUP_950_FWN_31,1,1,15:30:00,3.0,,,,,,0.73,0.8,,,,,
RUP_1025_ACC_15,1 & 2,1,15:10:00,1.0,,,,,,0.99,,,,,,
RUP_925_DEC_37,1 & 2,1,15:05:00,2.0,,,,,,,1,,,,,
